status,dt_contrato,nome_associado,placa,modelo_veiculo,fipe,linha,cidade,uf,telefone,anotacoes,dt_envio,dt_entrega,status_envio,termo_assinado,status_instalacao,auto_eletrica_compativel,valor_instalacao,imei_aparelho,empresa_rastreamento,login,senha,ingested_at
ATIVO,20/10/2025,FeRnaNDa SiLVA sILva`,MWT-7406,Toro Volcano 2.0 16V 4x4 TB Diesel Aut.,"R$ 124.900,00","Vans, Pick-ups, Furgões, SUV's, Utilitários Caminhonetes e Caminhões até 4T",Pinhalão,PR,(49) 97697-2,22/10/25 - Aceitou a instalação,26/10/2025,02/11/2025,ENTREGUE,SIM,INSTALADO,OFICINA DO ALEMÃO,"R$ 90,00",99611739957830,Azimute,rodrigo.santos.rodrigues73@gmail.com,24139968,2026-02-05 01:42:11.737363 UTC
ATIVO,10/02/2025,RODRIGO FERREIRA RIBEIRO,XRI-3963,COMPASS TRAILHAWK 2.0 4x4 Dies. 16V Aut.,"R$ 114.294,00","Vans, Pick-ups, Furgões, SUV's, Utilitários Caminhonetes e Caminhões até 4T",Clevelândia,PR,(88) 93338-4193,"12/08/2025 - Primeiro contato realizado, aprovou a instalação
03/09/2025 - Aparelhos chegaram no local",06/09/2025,15/09/2025,ENTREGUE,SIM,INSTALADO,MECÂNICA RÁPIDO,"R$ 80,00",720970203182458,Azimute,pedro.almeida.pereira@gmail.com,96995519,2026-02-05 01:42:11.737363 UTC
ATIVO,05/06/2025,#JOÃO OLIVEIRA ROCHA,AMX-6975,UNO WAY 1.3 Flex 8V 5p,"R$ 51.317,00",Leves,Londrina,PR,(81) 95930-8,"12/08/2025 - Rastreadores chegaram no destino, contato da auto elétrica enviado para o associado
15/08/2025 - Rastreador instalado, aguardando cadastro na infinity",19/08/2025,28/08/2025,ENTREGUE,SIM,INSTALADO,MECÂNICA SUL,"R$ 90,00",456497793196121,Azimute,rafael.rodrigues.melo@empresa.com,13564159,2026-02-05 01:42:11.737363 UTC
ATIVO,08/01/2026,mAT^EUS  soUZA  roCHA,DHB-2929,SPIN LT 1.8 8V Econo.Flex 5p Aut.,"R$ 70.480,00","Vans, Pick-ups, Furgões, SUV's, Utilitários Caminhonetes e Caminhões até 4T",Cascavel,PR,60920583029,,12/01/2026,19/01/2026,ENTREGUE,SIM,INSTALADO,OFICINA CENTRAL,"R$ 150,00",523138862982732,Azimute,gabriel.pereira.santos@gmail.com,2198256,2026-02-05 01:42:11.737363 UTC
ATIVO,15/01/2026,LARISSA SOUZA RIBEIRO,KCF-3856,SPIN LT 1.8 8V Econo.Flex 5p Aut.,"R$ 118.309,00","Vans, Pick-ups, Furgões, SUV's, Utilitários Caminhonetes e Caminhões até 4T",Cascavel,PR,(93) 94952-6594,,19/01/2026,26/01/2026,ENTREGUE,SIM,INSTALADO,OFICINA CENTRAL,"R$ 90,00",341509862650393,Azimute,beatriz.gomes.alves@empresa.com,73075830,2026-02-05 01:42:11.737363 UTC
ATIVO,24/10/2025,FERNANDA   ROCHA   ´ALMEIDA,CQJ-1409,P-340 B 6x4 2p (diesel),"R$ 204.625,00",Pesados,Campo Magro,PR,,11/11/25 - aderiu o rastreador,,,N/A,SIM,INSTALADO,TECH SILVA,"R$ 90,00",308224807019767,Azimute,ana.costa.carvalho@empresa.com,37819719,2026-02-05 01:42:11.737363 UTC
ATIVO,24/10/2025,FERNA+NDA SILVA ALMEIDA,DNZ-7640,P-420 B 8x4 2p (diesel),"R$ 190.965,00",Pesados,Campo Magro,PR,94952647207,11/11/25 - aderiu o rastreador,,,N/A,SIM,INSTALADO,TECH SILVA,"R$ 90,00",503025612012166,Azimute,maria.martins.ferreira@gmail.com,90717245,2026-02-05 01:42:11.737363 UTC
ATIVO,12/08/2025,PEDRO RIBEIRO ALVES,WLG-7040,EUROCARGO CAVALLINO 450-E32 T 2p (dies.),"R$ 97.479,00",Pesados,Irani,SC,(55) 92341-9456,,16/08/2025,24/08/2025,ENTREGUE,SIM,INSTALADO,ELETRO TOTAL,"R$ 90,00",118135374211620,Azimute,rodrigo.lima.barbosa@outlook.com,86642513,2026-02-05 01:42:11.737363 UTC
ATIVO,10/08/2025,LETÍCIA ALVES PEREIRA,YDK-1564,G-470 A 6x4 2p (diesel),"R$ 248.700,00",Pesados,Irani,SC,(42) 94422-4839,,13/08/2025,23/08/2025,ENTREGUE,SIM,INSTALADO,ELETRO TOTAL,"R$ 90,00",996763027736737,Azimute,ana.melo.barbosa@empresa.com,28742005,2026-02-05 01:42:11.737363 UTC
INATIVO,06/01/2025,RODRIGO CARVALHO CARDOSO,CXF-3260,P-310 B 8x2 2p (diesel),"R$ 316.604,00",CAMINHãO,Irani,SC,TEL: (74) 97715-2959,,08/01/2025,18/01/2025,ENTREGUE,SIM,INSTALADO,ELETRO TOTAL,"R$ 90,00",894488318736659,Azimute,julia.souza.pereira@hotmail.com,50143432,2026-02-05 01:42:11.737363 UTC
INATIVO,18/05/2023,RODRIGO CARDOSO RIBEIRO,MOK-2783,Grand Siena ATTRACTIVE 1.0 Flex 8V 4p,"R$ 52.636,00",Leves,Cascavel,PR,(18) 97924-6057,,21/05/2023,29/05/2023,ENTREGUE,SIM,INSTALADO,OFICINA CENTRAL,"R$ 150,00",214448646543585,Azimute,larissa.ferreira.martins@gmail.com,66774120,2026-02-05 01:42:11.737363 UTC
ATIVO,29/04/2025,MATEUS   ARAÚJO   MELO%,DDB-0779,CARGO 2422/ 2422 E 3-Eixos 2p (diesel),"R$ 177.458,00",Pesados,Clevelândia,PR,11951879326,"12/08/2025 - Primeiro contato realizado, aguardando resposta
19/08/2025 - Primeiro contato realizado, aprovou a instalação
03/09/2025 - Aparelhos chegaram no local",07/09/2025,17/09/2025,ENTREGUE,SIM,INSTALADO,MECÂNICA RÁPIDO,"R$ 80,00",470745988805604,Azimute,fernanda.gomes.gomes@ficticio.com.br,20591429,2026-02-05 01:42:11.737363 UTC
ATIVO,03/09/2025,MARIA SANTOS RIBEIRO,JIU-7076,Atego 2425 3-Eixos 2p (diesel),"R$ 246.633,00",Pesados,Clevelândia,PR,(71) 93882-4,,06/09/2025,16/09/2025,ENTREGUE,SIM,INSTALADO,MECÂNICA RÁPIDO,"R$ 80,00",47380655934524,Azimute,tiago.pereira.almeida@outlook.com,30564430,2026-02-05 01:42:11.737363 UTC
ATIVO,30/07/2025,MARIA COSTA BARBOSA,RTP-1979,Ducato MaxiCargo 2.3 16V Diesel,"R$ 182.775,00","Vans, Pick-ups, Furgões, SUV's, Utilitários Caminhonetes e Caminhões até 4T",Paiçandu,PR,(70) 96094-9,,03/08/2025,12/08/2025,ENTREGUE,SIM,INSTALADO,MECÂNICA SILVA,"R$ 90,00",20634100710333,Azimute,julia.martins.cardoso66@outlook.com,29124772,2026-02-05 01:42:11.737363 UTC
ATIVO,22/09/2025,BEATRIZ LIMA SANTOS,YPZ-7942,FH 400 6x2 2p (diesel),"R$ 170.903,00",Pesados,Clevelândia,PR,TEL: (51) 97186-5383,Não Encontrado,25/09/2025,05/10/2025,ENTREGUE,SIM,INSTALADO,MECÂNICA RÁPIDO,"R$ 80,00",405890025264701,Azimute,maria.gomes.rodrigues45@outlook.com,99096732,2026-02-05 01:42:11.737363 UTC
ATIVO,22/09/2025,`CAMILA `LIMA PEREIRA,TUW-6328,G-380 A 4x2 3-Eixos/ A 6x2 2p (diesel),"R$ 194.307,00",Pesados,Clevelândia,PR,TEL: (79) 99551-6088,,24/09/2025,02/10/2025,ENTREGUE,SIM,INSTALADO,MECÂNICA RÁPIDO,"R$ 80,00",657996787964459,Azimute,joão.ferreira.ferreira@outlook.com,8854462,2026-02-05 01:42:11.737363 UTC
ATIVO,22/11/2025,GABRIEL BARBOSA FERREIRA,TVW-2567,FH-460 6x2 2p (diesel) (E5),"R$ 253.073,00",Pesados,Clevelândia,PR,(47) 93923-5089,,23/11/2025,02/12/2025,ENTREGUE,SIM,INSTALADO,MECÂNICA RÁPIDO,"R$ 80,00",754115871904128,Azimute,beatriz.souza.santos@gmail.com,49483280,2026-02-05 01:42:11.737363 UTC
ATIVO,10/08/2025,RODRIGO   MARTINS   ROCHA,JBQ-5214,ONIX HATCH LT 1.0 12V Flex 5p Mec.,"R$ 66.433,00",Leves,Cascavel,PR,,,14/08/2025,22/08/2025,ENTREGUE,SIM,INSTALADO,OFICINA CENTRAL,"R$ 150,00",591325610695685,Azimute,ricardo.costa.carvalho77@outlook.com,58452365,2026-02-05 01:42:11.737363 UTC
ATIVO,25/07/2025,ANA CARD_OSO COSTA-,KOA-2144,STRALIS NR 570-S41T 3-Eixos 2p (diesel),"R$ 164.276,00",Pesados,Fraiburgo,SC,,,28/07/2025,05/08/2025,ENTREGUE,SIM,INSTALADO,AUTO ELÉTRICA NORTE,"R$ 160,00",745096154139957,Azimute,lucas.santos.lima98@hotmail.com,82498625,2026-02-05 01:42:11.737363 UTC
ATIVO,12/02/2025,MARIA  PEREIRA  LIMA,HDD-3110,Atego 2425 3-Eixos 2p (diesel),"R$ 220.525,00",CAMINHãO,Fraiburgo,SC,20996791321,,14/02/2025,23/02/2025,ENTREGUE,SIM,INSTALADO,AUTO ELÉTRICA NORTE,"R$ 130,00",870632438794791,Azimute,tiago.ferreira.rodrigues@ficticio.com.br,4117163,2026-02-05 01:42:11.737363 UTC
ATIVO,30/05/2025,FERNANDA ARAÚJO CARDOSO,ZTN-0934,R-440 A 4x2 HIG. 3-E./A 6x2 (die.) (E5),"R$ 314.155,00",CAMINHãO,Clevelândia,PR,,"19/08/2025 - Primeiro contato realizado, aprovou a instalação
03/09/2025 - Aparelhos chegaram no local",05/09/2025,13/09/2025,ENTREGUE,SIM,INSTALADO,MECÂNICA RÁPIDO,"R$ 80,00",112511776387689,Azimute,pedro.costa.rodrigues@gmail.com,4498486,2026-02-05 01:42:11.737363 UTC
ATIVO,31/05/2025,_MARIA CARDOSO CARDOSO,IDV-5888,G-380 A 4x2 2p (diesel),"R$ 231.728,00",CAMINHãO,Clevelândia,PR,,"19/08/2025 - Primeiro contato realizado, aprovou a instalação
03/09/2025 - Aparelhos chegaram no local",07/09/2025,15/09/2025,ENTREGUE,SIM,INSTALADO,MECÂNICA RÁPIDO,"R$ 80,00",298361073790347,Azimute,bruna.martins.santos@gmail.com,41408614,2026-02-05 01:42:11.737363 UTC
ATIVO,27/06/2025,TIAGO ALVES MARTINS,DUT-9024,R-440 A 6x4 2p (diesel) (E5),"R$ 446.001,00",Pesados,Clevelândia,PR,(40) 95259-8942,"19/08/2025 - Primeiro contato realizado, aprovou a instalação
03/09/2025 - Aparelhos chegaram no local",04/09/2025,13/09/2025,ENTREGUE,SIM,INSTALADO,MECÂNICA RÁPIDO,"R$ 80,00",844148736423524,Azimute,fernanda.almeida.rodrigues@gmail.com,92584464,2026-02-05 01:42:11.737363 UTC
ATIVO,08/01/2026,R%AFAEL   RIBEIRO   RODRIGUES,RDM-7189,24-250 E Constellation 3-Eixos 2p (diese,"R$ 168.591,00",Pesados,Clevelândia,PR,43930864971,"12/08/2025 - Primeiro contato realizado, aprovou a instalação
03/09/2025 - Aparelhos chegaram no local",12/01/2026,21/01/2026,ENTREGUE,SIM,INSTALADO,MECÂNICA RÁPIDO,"R$ 80,00",468244441180217,Azimute,maria.silva.almeida18@ficticio.com.br,19910497,2026-02-05 01:42:11.737363 UTC
ATIVO,20/02/2025,LARISSA LIMA GOMES,KEY-1220,CARGO 2428 E T 8x2 2p (diesel),"R$ 232.729,00",CAMINHãO,Clevelândia,PR,,"12/08/2025 - Primeiro contato realizado, aprovou a instalação
03/09/2025 - Aparelhos chegaram no local",07/09/2025,15/09/2025,ENTREGUE,SIM,INSTALADO,MECÂNICA RÁPIDO,"R$ 80,00",618774408008977,Azimute,letcia.cardoso.costa76@ficticio.com.br,69665944,2026-02-05 01:42:11.737363 UTC
ATIVO,12/03/2025,JOÃO GOMES BA~RBOSA,FUS-5920,S10 Pick-Up Exec. 2.8 4x2 CD TB Int.Dies,"R$ 53.862,00","Vans, Pick-ups, Furgões, SUV's, Utilitários Caminhonetes e Caminhões até 4T",Cambé,PR,,"17/07/2025 - Primeiro contato realizado, associado confirmou o recebimento
06/08/2025 - Rastreadores enviados à auto elétrica responsável
12/08/2025 - Rastreadores chegaram no destino, contato da auto elétrica enviado para o associado 26/08/2025 - Contato telefônico com o associado, solicitou que prestador vá até o local buscar sua caminhonete para fazer a instalação                                                                                                                  26/08/2025 - Contato com Daniel prestador, disse que irá combinar com o assocido",28/08/2025,04/09/2025,ENTREGUE,SIM,INSTALADO,MECÂNICA TOTAL,"R$ 100,00",299940537235520,Azimute,ricardo.melo.rodrigues@ficticio.com.br,7925265,2026-02-05 01:42:11.737363 UTC
ATIVO,20/10/2025,MARIA PEREIRA MELO,RKQ-8625,ONIX HATCH LT 1.0 12V Flex 5p Mec.,"R$ 64.126,00",Leves,Cascavel,PR,(15) 97486-6620,,22/10/2025,31/10/2025,ENTREGUE,SIM,INSTALADO,OFICINA CENTRAL,"R$ 150,00",569082791545339,Azimute,julia.lima.ferreira@ficticio.com.br,33874654,2026-02-05 01:42:11.737363 UTC
INATIVO,05/11/2025,FERNANDA CARVALHO ALMEIDA,YUZ-5597,Gol 1.0 Flex 12V 5p,"R$ 41.335,00",Leves,Vitória da Conquista,BA,(81) 95174-6443,11/11/25 - aderiu o rastreador,13/11/2025,23/11/2025,ENTREGUE,SIM,INSTALADO,OFICINA SANTOS,"R$ 70,00",888747108601922,Azimute,ana.gomes.carvalho@gmail.com,2216479,2026-02-05 01:42:11.737363 UTC
ATIVO,05/11/2025,LETÍCIA RODRIGUES LIMA,ZKF-6091,ARGO DRIVE 1.0 6V Flex,"R$ 50.870,00",Leves,Vitória da Conquista,BA,,11/11/25 - aderiu o rastreador,14/11/2025,22/11/2025,ENTREGUE,SIM,INSTALADO,OFICINA SANTOS,"R$ 70,00",741553022979399,Azimute,ricardo.ribeiro.araújo@empresa.com,36035351,2026-02-05 01:42:11.737363 UTC
ATIVO,08/08/2025,%MARIA ARAÚJO SANT-OS,JYZ-0902,S10 P-Up H.Country 2.8 4x4 CD Dies.Aut.,"R$ 161.825,00",Leves,Clevelândia,PR,(67) 92141-4,"12/08/2025 - Primeiro contato realizado, aprovou a instalação
03/09/2025 - Aparelhos chegaram no local",05/09/2025,13/09/2025,ENTREGUE,SIM,INSTALADO,MECÂNICA RÁPIDO,"R$ 80,00",24446784474916,Azimute,camila.souza.melo@empresa.com,60317217,2026-02-05 01:42:11.737363 UTC
ATIVO,25/11/2025,roDriGO   MArtIns   RiBeIrO,YVQ-1534,T-4 4x4 3.2 20V Tdi Cap. Rígida Diesel,"R$ 172.736,00","Vans, Pick-ups, Furgões, SUV's, Utilitários Caminhonetes e Caminhões até 4T",Clevelândia,PR,,,28/11/2025,08/12/2025,ENTREGUE,SIM,INSTALADO,MECÂNICA RÁPIDO,"R$ 80,00",813881673278268,Azimute,letícia.ferreira.oliveira@empresa.com,21232655,2026-02-05 01:42:11.737363 UTC
SUSPENSO TEMPORARIAMENTE,28/05/2025,_BRUNA FERREIRA CARDOSO,PTT-3992,Pajero DAKAR HPE 3.2 4x4 T.I Dies 5p Aut,"R$ 103.113,00","Vans, Pick-ups, Furgões, SUV's, Utilitários Caminhonetes e Caminhões até 4T",Guarulhos,SP,,SUSPENSO TEMPORARIAMENTE: REMOVER APARELHO,31/05/2025,10/06/2025,ENTREGUE,SIM,INSTALADO,Não Encontrado/Não Existe,--,,Azimute,joo.carvalho.cardoso65@ficticio.com.br,31820251,2026-02-05 01:42:11.737363 UTC
INADIMPLENTE,22/08/2025,MATEUS LIMA MARTINS,PZE-5379,Sprinter 415 Furgão Lon.T.Alto 2.2 Dies,"R$ 151.020,00","Vans, Pick-ups, Furgões, SUV's, Utilitários Caminhonetes e Caminhões até 4T",Cambé,PR,(62) 99279-6415,"21/07/2025 - Terceiro contato realizado, associado confirmou o recebimento
06/08/2025 - Rastreadores enviados à auto elétrica responsável
12/08/2025 - Rastreadores chegaram no destino, contato da auto elétrica enviado para o associado",25/08/2025,01/09/2025,ENTREGUE,SIM,INSTALADO,MECÂNICA TOTAL,"R$ 100,00",699613471455052,Azimute,fernanda.souza.melo@ficticio.com.br,8670040,2026-02-05 01:42:11.737363 UTC
INADIMPLENTE,23/08/2025,FERNANDA CARVALHO SILVA,PVG-5097,Strada Working HARD 1.4 Fire Flex 8V CE,"R$ 54.483,00",Leves,Cambé,PR,(69) 96317-2178,"21/07/2025 - Terceiro contato realizado, associado confirmou o recebimento
06/08/2025 - Rastreadores enviados à auto elétrica responsável
12/08/2025 - Rastreadores chegaram no destino, contato da auto elétrica enviado para o associado",26/08/2025,05/09/2025,ENTREGUE,SIM,INSTALADO,MECÂNICA TOTAL,"R$ 100,00",811263333093839,Azimute,amanda.pereira.oliveira@outlook.com,30525972,2026-02-05 01:42:11.737363 UTC
ATIVO,13/01/2026,AMANDA RIBEIRO CARDOSO,LMV-9121,EcoSport TITANIUM 2.0 16V Flex 5p Aut.,"R$ 61.497,00",Leves,Cascavel,PR,(38) 94365-8415,,15/01/2026,23/01/2026,ENTREGUE,SIM,INSTALADO,OFICINA CENTRAL,"R$ 150,00",247024503769825,Azimute,gustavo.lima.lima@ficticio.com.br,22720859,2026-02-05 01:42:11.737363 UTC
ATIVO,29/09/2025,MARIA ALMEIDA RODRIGUES,MPT-2974,R-450 A 6x2 2p (diesel)(E5),"R$ 482.055,00",Pesados,Clevelândia,PR,(16) 93782-5,,03/10/2025,10/10/2025,ENTREGUE,SIM,INSTALADO,MECÂNICA RÁPIDO,"R$ 80,00",395771400893535,Azimute,tiago.silva.alves@gmail.com,16626602,2026-02-05 01:42:11.737363 UTC
ATIVO,17/12/2025,^LARISSA MELO COSTA,TRB-1644,R-440 A 4x2 HIG. 3-E./A 6x2 (die.) (E5),"R$ 293.075,00",Pesados,Clevelândia,PR,90922911609,,20/12/2025,28/12/2025,ENTREGUE,SIM,INSTALADO,MECÂNICA RÁPIDO,"R$ 80,00",195201879672919,Azimute,beatriz.santos.alves38@gmail.com,94028774,2026-02-05 01:42:11.737363 UTC
ATIVO,29/09/2025,FERNANDA COSTA CARDOSO~,WNY-0013,R-440 A 4x2 HIG. 3-E./A 6x2 (die.) (E5),"R$ 278.223,00",Pesados,Clevelândia,PR,,,02/10/2025,9/10/2025,ENTREGUE,SIM,INSTALADO,MECÂNICA RÁPIDO,"R$ 80,00",677140246346365,Azimute,camila.rocha.alves@empresa.com,72508891,2026-02-05 01:42:11.737363 UTC
ATIVO,29/09/2025,MATEUS   PEREIRA   FERREIRA,GEZ-4666,G-360 A 4x2 3-Eixos/A 6x2 2p (dies.)(E5),"R$ 267.511,00",Pesados,Clevelândia,PR,,,01/10/2025,8/10/2025,ENTREGUE,SIM,INSTALADO,MECÂNICA RÁPIDO,"R$ 80,00",109252054894319,Azimute,letícia.cardoso.costa@gmail.com,17844469,2026-02-05 01:42:11.737363 UTC
ATIVO,13/10/2025,PEDRO SANTOS LIMA!,ICM-7729,NL-10 340 6x2 2p (diesel),"R$ 74.243,00",Pesados,Clevelândia,PR,77992786795,,17/10/2025,24/10/2025,ENTREGUE,SIM,INSTALADO,MECÂNICA RÁPIDO,"R$ 80,00",972006587309117,Azimute,julia.pereira.santos39@hotmail.com,54840470,2026-02-05 01:42:11.737363 UTC
ATIVO,08/01/2026,MARIA  LIMA  M~ARTINS,LGX-1857,BIZ 110i,"R$ 15.022,00",Motos,Cascavel,PR,82993156195,,10/01/2026,19/01/2026,ENTREGUE,SIM,INSTALADO,OFICINA CENTRAL,"R$ 150,00",227151284395056,Azimute,lucas.araújo.oliveira@ficticio.com.br,90073761,2026-02-05 01:42:11.737363 UTC
ATIVO,04/08/2025,MARIA GOMES ROCHA,BJK-3270,Axor 2544 S/LS 6x2 2p (diesel) (E5),"R$ 426.065,00",CAMINHãO,Clevelândia,PR,(28) 91802-2700,,05/08/2025,15/08/2025,ENTREGUE,SIM,INSTALADO,MECÂNICA RÁPIDO,"R$ 80,00",962341525496761,Azimute,lucas.pereira.martins@hotmail.com,16346000,2026-02-05 01:42:11.737363 UTC
ATIVO,29/04/2025,MATEUS COSTA RODRIGUES,UHK-7808,S10 Pick-Up LTZ 2.8 TDI 4x4 CD Dies.Aut,"R$ 155.955,00","Vans, Pick-ups, Furgões, SUV's, Utilitários Caminhonetes e Caminhões até 4T",Telêmaco Borba,PR,(68) 98940-6241,,02/05/2025,12/05/2025,ENTREGUE,SIM,INSTALADO,AUTO ELÉTRICA RÁPIDO,"R$ 140,00",60330476303012,Azimute,ana.almeida.alves@gmail.com,50307834,2026-02-05 01:42:11.737363 UTC
ATIVO,24/07/2025,Lucas CaRDoSo RibeIro,ZDH-7791,FH-12 380 4x2 2p (diesel),"R$ 132.712,00",Pesados,Telêmaco Borba,PR,TEL: (56) 94592-6270,,26/07/2025,03/08/2025,ENTREGUE,SIM,INSTALADO,AUTO ELÉTRICA RÁPIDO,"R$ 140,00",946063379454083,Azimute,beatriz.gomes.almeida@ficticio.com.br,89314355,2026-02-05 01:42:11.737363 UTC
ATIVO,20/07/2025,aMANdA saNTOS RoDRigUes+,YIV-3237,Hilux CD SRV D4-D 4x4 3.0 TDI Diesel Aut,"R$ 134.898,00","Vans, Pick-ups, Furgões, SUV's, Utilitários Caminhonetes e Caminhões até 4T",Imbaú,PR,TEL: (96) 92940-5511,,21/07/2025,30/07/2025,ENTREGUE,SIM,INSTALADO,OFICINA SANTOS,"R$ 70,00",840531364589784,Azimute,tiago.ribeiro.almeida@ficticio.com.br,55085658,2026-02-05 01:42:11.737363 UTC
ATIVO,04/11/2025,JOÃO LIMA ALVES,GZI-5233,Ranger XLT 3.2 20V 4x4 CD Diesel Aut.,"R$ 98.292,00","Vans, Pick-ups, Furgões, SUV's, Utilitários Caminhonetes e Caminhões até 4T",Figueira,PR,(55) 98401-8278,,08/11/2025,17/11/2025,ENTREGUE,SIM,INSTALADO,ELETRO SANTOS,"R$ 80,00",375190672777985,Azimute,letícia.rocha.cardoso@gmail.com,80034964,2026-02-05 01:42:11.737363 UTC
ATIVO,02/04/2025,RICARDO COSTA OLIVEIRA,QCQ-8143,DUSTER Zen 1.6 16V Flex Aut.,"R$ 70.727,00",Leves,Japira,PR,(60) 98989-9668,22/10/25 - Aceitou a instalação,24/10/2025,31/10/2025,ENTREGUE,SIM,INSTALADO,TECH SANTOS,"R$ 90,00",918281232027364,Azimute,larissa.almeida.oliveira@hotmail.com,40385671,2026-02-05 01:42:11.737363 UTC
ATIVO,25/06/2025,J^ULiA aLMeiDA meLo,ODF-7085,Hilux CD SRV D4-D 4x4 3.0 TDI Diesel Aut,"R$ 140.045,00","Vans, Pick-ups, Furgões, SUV's, Utilitários Caminhonetes e Caminhões até 4T",Ibaiti,PR,(23) 97430-5,,27/06/2025,06/07/2025,ENTREGUE,SIM,INSTALADO,OFICINA SUL,"R$ 70,00",,Coruja Rastreadores,amanda.silva.rodrigues@gmail.com,7428813,2026-02-05 01:42:11.737363 UTC
ATIVO,28/05/2025,GUSTAVO   RIBEIRO   OLIVEIRA,WWM-1314,Gol Special 1.0 Total Flex 8V 5p,"R$ 40.577,00",Leves,Toledo,PR,,,31/05/2025,07/06/2025,ENTREGUE,SIM,INSTALADO,Não Encontrado/Não Existe,--,473177379191868,Azimute,beatriz.gomes.silva68@hotmail.com,50955004,2026-02-05 01:42:11.737363 UTC
ATIVO,25/06/2025,JOÃO ALVES ROCHA,HZX-2119,Grand Siena ESSENCE 1.6 Flex 16V,"R$ 42.258,00",Leves,Cascavel,PR,(12) 99759-3435,,29/06/2025,08/07/2025,ENTREGUE,SIM,INSTALADO,OFICINA CENTRAL,"R$ 150,00",865401052175119,Azimute,maria.ferreira.costa@hotmail.com,56346689,2026-02-05 01:42:11.737363 UTC
ATIVO,10/01/2026,LARISSA ALVES PEREIRA,EXO-6292,Focus TITA/TITA Plus 2.0 Flex 5p Aut.,"R$ 52.344,00",Leves,Londrina,PR,(20) 99449-4938,"21/07/2025 - Primeiro contato realizado, associado confirmou o recebimento
12/08/2025 - Rastreadores chegaram no destino, contato da auto elétrica enviado para o associado",11/01/2026,18/01/2026,ENTREGUE,SIM,INSTALADO,MECÂNICA SUL,"R$ 90,00",824465467287667,Azimute,ana.rocha.martins@hotmail.com,68052302,2026-02-05 01:42:11.737363 UTC
ATIVO,28/11/2025,GABRIEL   COSTA   SANTOS,UUZ-2038,EDGE SEL 3.5 V6 24V FWD Aut.,"R$ 61.302,00",Leves,Carlos Barbosa,SC,,,01/12/2025,08/12/2025,ENTREGUE,SIM,INSTALADO,TECH SUL,"R$ 100,00",552706195615913,Azimute,pedro.souza.martins79@gmail.com,13548184,2026-02-05 01:42:11.737363 UTC
ATIVO,12/08/2025,RICARDO ARAÚJO CARDOSO,HGY-9296,ONIX HATCH LT 1.0 12V Flex 5p Mec.,"R$ 69.304,00",Leves,Cascavel,PR,43955078002,"29/08/25 - Primeiro contato realizado, associado confirmou a instalação
29/08/25 - Rastreador enviado
08/09/25 - Cobrança para instalação realizada",10/09/2025,17/09/2025,ENTREGUE,SIM,INSTALADO,OFICINA CENTRAL,"R$ 150,00",452967550396595,Azimute,lucas.lima.rodrigues@ficticio.com.br,95448311,2026-02-05 01:42:11.737363 UTC
ATIVO,14/03/2025,MATEUS ARAÚJO OLIVEIRA,HFR-7148,S10 P-Up Advant. 2.4/2.4 MPFI F.Power CD,"R$ 92.614,00","Vans, Pick-ups, Furgões, SUV's, Utilitários Caminhonetes e Caminhões até 4T",Cascavel,PR,TEL: (87) 95230-5780,"26/08/25 - Primeiro contato realizado, associado confirmou a instalação
29/08/25 - Rastreador enviado
08/09/25 - Cobrança para instalação realizada",12/09/2025,20/09/2025,ENTREGUE,SIM,INSTALADO,OFICINA CENTRAL,"R$ 150,00",619009702399933,Azimute,gabriel.gomes.ribeiro80@hotmail.com,49270633,2026-02-05 01:42:11.737363 UTC
ATIVO,01/12/2025,RAFAEL FERREIRA COSTA,JBU-7346,Hilux CD SRV D4-D 4x4 3.0 TDI Dies,"R$ 104.591,00","Vans, Pick-ups, Furgões, SUV's, Utilitários Caminhonetes e Caminhões até 4T",Cascavel,PR,(39) 95864-3241,,02/12/2025,9/12/2025,ENTREGUE,SIM,INSTALADO,OFICINA CENTRAL,"R$ 150,00",84033051062254,Azimute,lucas.rodrigues.gomes@hotmail.com,46079748,2026-02-05 01:42:11.737363 UTC
INATIVO,04/09/2025,PEDRO SOUZA MARTINS,VPL-3925,Accelo 915C 2p (diesel),"R$ 172.737,00",Pesados,Cascavel,PR,(50) 98383-2045,"27/08/25 - Primeiro contato realizado, associado confirmou a instalação
29/08/25 - Rastreador enviado
08/09/25 - Cobrança para instalação realizada",11/09/2025,21/09/2025,ENTREGUE,SIM,INSTALADO,OFICINA CENTRAL,"R$ 150,00",217759177460670,Azimute,bruna.rodrigues.barbosa@outlook.com,23153094,2026-02-05 01:42:11.737363 UTC
ATIVO,12/04/2025,RODRIGO MELO CARDOSO,ETZ-0356,Vectra GLS/Expres.2.2/ 2.0 e 2.0 CD 8V,"R$ 27.464,00",Leves,Cascavel,PR,(13) 94720-9326,VAI CANCELAR A PROTEÇÃO,14/04/2025,23/04/2025,ENTREGUE,SIM,INSTALADO,OFICINA CENTRAL,"R$ 150,00",847228437645471,Azimute,larissa.souza.martins@hotmail.com,2282473,2026-02-05 01:42:11.737363 UTC
INADIMPLENTE,29/04/2025,bEatRiZ martinS BArbosa*,REX-2625,L200 Triton Sport HPE-S 2.4 CD Dies. Aut,"R$ 201.326,00","Vans, Pick-ups, Furgões, SUV's, Utilitários Caminhonetes e Caminhões até 4T",Ibaiti,PR,,,01/05/2025,09/05/2025,ENTREGUE,SIM,INSTALADO,OFICINA SUL,"R$ 70,00",534715738733133,Azimute,beatriz.cardoso.lima81@hotmail.com,41629674,2026-02-05 01:42:11.737363 UTC
ATIVO,22/09/2025,GUSTAVO MELO SILVA,OHR-3288,Frontier SE/SE Strik CD 4x4 2.5 TB Dies.,"R$ 72.078,00","Vans, Pick-ups, Furgões, SUV's, Utilitários Caminhonetes e Caminhões até 4T",Carlópolis,PR,15922539552,,24/09/2025,03/10/2025,ENTREGUE,SIM,INSTALADO,Não Encontrado/Não Existe,--,679907590414576,Azimute,maria.martins.souza42@ficticio.com.br,95724706,2026-02-05 01:42:11.737363 UTC
INATIVO,14/12/2023,FERNANDA COSTA CARVALHO,MPI-2542,ONIX HATCH LT 1.0 12V Flex 5p Mec.,"R$ 72.944,00","Vans, Pick-ups, Furgões, SUV's, Utilitários Caminhonetes e Caminhões até 4T",Cascavel,PR,(16) 96211-7492,"Trocou a titularidade da proteção para MATHEUS RODRIGUES MOTA DA CRUZ
Ambos inativos
INATIVO: REMOVER APARELHO",17/12/2023,24/12/2023,ENTREGUE,SIM,INSTALADO,OFICINA CENTRAL,"R$ 150,00",459359510553771,Azimute,bruna.rodrigues.alves@empresa.com,95820327,2026-02-05 01:42:11.737363 UTC
ATIVO,14/08/2025,RICARDO COSTA RIBEIRO,QKA-3586,Hilux CD SRV D4-D 4x4 3.0 TDI Diesel Aut,"R$ 112.129,00","Vans, Pick-ups, Furgões, SUV's, Utilitários Caminhonetes e Caminhões até 4T",Ibaiti,PR,,,18/08/2025,26/08/2025,ENTREGUE,SIM,INSTALADO,OFICINA SUL,"R$ 70,00",417507172025006,Azimute,pedro.ferreira.rocha@ficticio.com.br,86228328,2026-02-05 01:42:11.737363 UTC
ATIVO,25/03/2025,BRUNA BARBOSA BARBOSA,QNV-7219,ONIX HATCH ACTIV 1.4 8V Flex 5P Aut.,"R$ 62.115,00",Leves,Cascavel,PR,(85) 95842-5998,,26/03/2025,05/04/2025,ENTREGUE,SIM,INSTALADO,OFICINA CENTRAL,"R$ 150,00",751538023531278,Azimute,letícia.oliveira.melo@ficticio.com.br,3132729,2026-02-05 01:42:11.737363 UTC
ATIVO,26/08/2025,JOÃO ALVES CARVALHO,FEW-8464,Actros 2548 LS 6x2 2p (diesel)(E6),"R$ 674.046,00",Pesados,Ribeirão Pires,SP,(59) 99456-5216,,,,N/A,SIM,INSTALADO,AUTO ELÉTRICA SANTOS,"R$ 130,00",970549297957308,Azimute,letícia.lima.ferreira@outlook.com,57161967,2026-02-05 01:42:11.737363 UTC
ATIVO,26/08/2025,PEDRO BARBOSA ARAÚJO,XUH-5922,VM 270 6x2 2p (diesel) (E5),"R$ 242.524,00",Pesados,Ribeirão Pires,SP,(44) 97938-5298,,,,N/A,SIM,INSTALADO,AUTO ELÉTRICA SANTOS,"R$ 130,00",902070910242135,Azimute,julia.lima.oliveira@outlook.com,71160250,2026-02-05 01:42:11.737363 UTC
ATIVO,26/08/2025,pedro martins rodrigues,CBW-9660,TGX 28.440 6x2 2p (diesel)(E5),"R$ 257.400,00",Pesados,Ribeirão Pires,SP,18902313741,,,,N/A,SIM,INSTALADO,AUTO ELÉTRICA SANTOS,"R$ 130,00",922227808451032,Azimute,letcia.arajo.ribeiro86@outlook.com,71614173,2026-02-05 01:42:11.737363 UTC
ATIVO,06/06/2025,RICARDO  ROCHA  ARAÚJO,PRL-8945,Meteor 28.460 6x2 2p (diesel)(E5),"R$ 494.173,00",Pesados,Ribeirão Pires,SP,TEL: (40) 93806-2633,,10/06/2025,18/06/2025,ENTREGUE,SIM,INSTALADO,AUTO ELÉTRICA SANTOS,"R$ 130,00",672853544115721,Azimute,amanda.lima.cardoso@outlook.com,73236851,2026-02-05 01:42:11.737363 UTC
ATIVO,17/09/2025,ana alves ribeiro,MNB-0201,FH-460 GLOBETROTTER 6x2 2p (diesel) (E5),"R$ 410.769,00",CAMINHãO,Ribeirão Pires,SP,TEL: (68) 93771-4925,,21/09/2025,29/09/2025,ENTREGUE,SIM,INSTALADO,AUTO ELÉTRICA SANTOS,"R$ 80,00",70124808360289,Azimute,ana.rodrigues.costa@gmail.com,9071355,2026-02-05 01:42:11.737363 UTC
ATIVO,10/09/2025,FERNANDA COSTA ALMEIDA,VYG-1297,XF FTS480 6x2 Space Cab (diesel)(E5),"R$ 469.080,00",Pesados,Ribeirão Pires,SP,(68) 92134-1463,,11/09/2025,18/09/2025,ENTREGUE,SIM,INSTALADO,AUTO ELÉTRICA SANTOS,"R$ 130,00",536558438012858,Azimute,joão.ribeiro.silva@outlook.com,53640544,2026-02-05 01:42:11.737363 UTC
ATIVO,10/09/2025,$LARISSA ARAÚJO LIMA,HPY-5119,XF 105 FTS 460 6x2 (diesel)(E5),"R$ 257.064,00",Pesados,Ribeirão Pires,SP,TEL: (71) 91126-1443,,14/09/2025,23/09/2025,ENTREGUE,SIM,INSTALADO,AUTO ELÉTRICA SANTOS,"R$ 130,00",340477157184186,Azimute,joo.ribeiro.martins76@hotmail.com,4882477,2026-02-05 01:42:11.737363 UTC
ATIVO,10/09/2025,BEATRIZ OLIVEIRA SANTOS,Apr-9866,XF 105 FTS 460 6x2 (diesel)(E5),"R$ 250.794,00",Pesados,Ribeirão Pires,SP,(18) 92316-5844,,12/09/2025,20/09/2025,ENTREGUE,SIM,INSTALADO,AUTO ELÉTRICA SANTOS,"R$ 130,00",23989020790954,Azimute,financeiro@nobrecargo.com.br,63835728,2026-02-05 01:42:11.737363 UTC
ATIVO,10/09/2025,PEDRO ROCHA MARTINS*,YUD-9746,TGX 28.440 6x2 2p (diesel)(E5),"R$ 252.655,00",Pesados,Ribeirão Pires,SP,,,13/09/2025,20/09/2025,ENTREGUE,SIM,INSTALADO,AUTO ELÉTRICA SANTOS,"R$ 130,00",64066460197044,Azimute,pedro.souza.almeida53@ficticio.com.br,7517801,2026-02-05 01:42:11.737363 UTC
ATIVO,10/09/2025,RICARDO RIBEIRO GOMES,AWA-4665,TGX 28.440 6x2 2p (diesel)(E5),"R$ 222.595,00",Pesados,Ribeirão Pires,SP,(37) 97912-5843,,14/09/2025,22/09/2025,ENTREGUE,SIM,INSTALADO,AUTO ELÉTRICA SANTOS,"R$ 130,00",12182059741602,Azimute,ricardo.oliveira.melo@empresa.com,96190784,2026-02-05 01:42:11.737363 UTC
ATIVO,10/09/2025,BEATRIZ BARBOSA GOMES*,MPK-7852,XF 105 FTS 460 6x2 (diesel)(E5),"R$ 268.818,00",Pesados,Ribeirão Pires,SP,,,14/09/2025,21/09/2025,ENTREGUE,SIM,INSTALADO,AUTO ELÉTRICA SANTOS,"R$ 130,00",131019683581891,Azimute,ricardo.cardoso.rodrigues@hotmail.com,71865213,2026-02-05 01:42:11.737363 UTC
ATIVO,26/08/2025,BRUNA  ALVES  SILVA´,UEN-5484,TGX 28.440 6x2 2p (diesel)(E5),"R$ 287.605,00",Pesados,Ribeirão Pires,SP,,,27/08/2025,06/09/2025,ENTREGUE,SIM,INSTALADO,AUTO ELÉTRICA SANTOS,"R$ 130,00",124080530028567,Azimute,beatriz.oliveira.rocha65@outlook.com,62087329,2026-02-05 01:42:11.737363 UTC
ATIVO,10/09/2025,-RODrigo   MartinS   MELO,OBV-9707,XF FTS480 6x2 Super Space Cab (die)(E5),"R$ 484.844,00",Pesados,Ribeirão Pires,SP,,,14/09/2025,24/09/2025,ENTREGUE,SIM,INSTALADO,AUTO ELÉTRICA SANTOS,"R$ 130,00",737308376525269,Azimute,rodrigo.santos.costa@outlook.com,27404120,2026-02-05 01:42:11.737363 UTC
ATIVO,10/09/2025,FeRnANDA  mArTinS  ALveS,CIR-2026,TGX 28.440 6x2 2p (diesel)(E5),"R$ 290.059,00",Pesados,Ribeirão Pires,SP,,,14/09/2025,22/09/2025,ENTREGUE,SIM,INSTALADO,AUTO ELÉTRICA SANTOS,"R$ 130,00",742763798098848,Azimute,julia.gomes.melo@gmail.com,62712719,2026-02-05 01:42:11.737363 UTC
ATIVO,10/09/2025,PEDRO COSTA SANTOS,LIP-8047,XF 105 FTS 460 6x2 (diesel)(E5),"R$ 268.818,00",Pesados,Ribeirão Pires,SP,(82) 98346-8239,,11/09/2025,19/09/2025,ENTREGUE,SIM,INSTALADO,AUTO ELÉTRICA SANTOS,"R$ 130,00",564646119642880,Azimute,ricardo.cardoso.rocha@gmail.com,51791607,2026-02-05 01:42:11.737363 UTC
ATIVO,27/08/2025,AMANDA CARVALHO FERREIRA,WUH-9145,TGX 28.440 6x2 2p (diesel)(E5),"R$ 257.400,00",Pesados,Ribeirão Pires,SP,(29) 94372-1177,,29/08/2025,05/09/2025,ENTREGUE,SIM,INSTALADO,AUTO ELÉTRICA SANTOS,"R$ 130,00",376065828758120,Azimute,ana.souza.pereira@empresa.com,26369456,2026-02-05 01:42:11.737363 UTC
ATIVO,26/08/2025,RODRIGO GOMES BARBOSA,OFU-0075,XF 105 FTS 460 6x2 (diesel)(E5),"R$ 257.064,00",Pesados,Ribeirão Pires,SP,(73) 96048-5,,29/08/2025,05/09/2025,ENTREGUE,SIM,INSTALADO,AUTO ELÉTRICA SANTOS,"R$ 130,00",153691117933249,Azimute,julia.lima.almeida@empresa.com,19995845,2026-02-05 01:42:11.737363 UTC
ATIVO,26/08/2025,lETÍCIa OliVEiRa MELo-,KLA-7797,TGX 28.440 6x2 2p (diesel)(E5),"R$ 287.605,00",Pesados,Ribeirão Pires,SP,,,28/08/2025,07/09/2025,ENTREGUE,SIM,INSTALADO,AUTO ELÉTRICA SANTOS,"R$ 130,00",815472538570270,Azimute,ana.ferreira.rocha78@hotmail.com,81295612,2026-02-05 01:42:11.737363 UTC
ATIVO,26/08/2025,RAFAEL SANTOS MARTINS,WWF-7655,Actros 2548 LS 6x2 2p (diesel)(E6),"R$ 674.046,00",Pesados,Ribeirão Pires,SP,(27) 98709-6813,,29/08/2025,07/09/2025,ENTREGUE,SIM,INSTALADO,AUTO ELÉTRICA SANTOS,"R$ 130,00",885631647849139,Azimute,maria.rodrigues.cardoso@hotmail.com,47260047,2026-02-05 01:42:11.737363 UTC
ATIVO,10/09/2025,RODRIGO CARVALHO BARBOSA~,FOE-7408,TGX 29.440 6x4 2p (diesel)(E5),"R$ 177.683,00",Pesados,Ribeirão Pires,SP,(70) 98787-7,,11/09/2025,18/09/2025,ENTREGUE,SIM,INSTALADO,AUTO ELÉTRICA SANTOS,"R$ 130,00",505091202042552,Azimute,amanda.silva.ribeiro69@ficticio.com.br,30687699,2026-02-05 01:42:11.737363 UTC
ATIVO,18/12/2025,GABRIEL BARBOSA BARBOSA,OKV-5945,AMAROK Highline CD 3.0 4x4 TB Dies. Aut.,"R$ 146.275,00",Leves,Cascavel,PR,(23) 97041-5513,,19/12/2025,29/12/2025,ENTREGUE,SIM,INSTALADO,OFICINA CENTRAL,"R$ 150,00",105813368631542,Azimute,larissa.barbosa.cardoso@ficticio.com.br,74118310,2026-02-05 01:42:11.737363 UTC
ATIVO,20/06/2025,BRUNA RODRIGUES RIBEIRO,GLJ-2752,118iA 2.0 16V 136cv 5p,"R$ 49.688,00","Vans, Pick-ups, Furgões, SUV's, Utilitários Caminhonetes e Caminhões até 4T",Cambé,PR,(38) 91596-8848,"15/07/2025 - Primeiro contato realizado, associado confirmou o recebimento
06/08/2025 - Rastreadores enviados à auto elétrica responsável
12/08/2025 - Rastreadores chegaram no destino, contato da auto elétrica enviado para o associado",14/08/2025,24/08/2025,ENTREGUE,SIM,INSTALADO,MECÂNICA TOTAL,"R$ 100,00",621884588355528,Azimute,mateus.barbosa.gomes@hotmail.com,43098842,2026-02-05 01:42:11.737363 UTC
ATIVO,14/08/2025,JULIA RODRIGUES LIMA,ZBQ-0178,Sportage EX 2.0 16V/ 2.0 16V Flex Aut.,"R$ 58.971,00","Vans, Pick-ups, Furgões, SUV's, Utilitários Caminhonetes e Caminhões até 4T",Curitiba,PR,(95) 97632-6586,13/11/2025 - Instalação marcada para esta data,,,N/A,SIM,INSTALADO,ELETRO NORTE,"R$ 90,00",439002900232223,Azimute,camila.souza.souza@empresa.com,13434968,2026-02-05 01:42:11.737363 UTC
ATIVO,18/08/2025,PEDRO OLIVEIRA SANTOS,VWZ-4053,R-460 A 6x2 2p (diesel)(E6),"R$ 881.461,00",Pesados,Vilhena,RO,(99) 97090-3,,19/08/2025,26/08/2025,ENTREGUE,SIM,INSTALADO,TECH SUL,"R$ 0,00",766119498866768,Azimute,ana.carvalho.carvalho@ficticio.com.br,91214130,2026-02-05 01:42:11.737363 UTC
ATIVO,23/05/2025,JOÃO   MARTINS   PEREIRA´,SPR-2149,R-560 A 6x4 2p (diesel)(E6),"R$ 1.042.145,00",CAMINHãO,Vilhena,RO,78976299676,,25/05/2025,01/06/2025,ENTREGUE,SIM,INSTALADO,TECH SUL,"R$ 100,00",508984182925565,Azimute,lucas.costa.souza@gmail.com,78650422,2026-02-05 01:42:11.737363 UTC
ATIVO,18/08/2025,camila gomes ferreira´,SEV-7240,R-460 A 6x2 2p (diesel)(E6),"R$ 881.461,00",Pesados,Vilhena,RO,93974932497,,21/08/2025,28/08/2025,ENTREGUE,SIM,INSTALADO,TECH SUL,"R$ 0,00",794297406440265,Azimute,pedro.santos.pereira@outlook.com,32500235,2026-02-05 01:42:11.737363 UTC
ATIVO,21/08/2025,FERNaNda FErreiRA GoMEs,QZM-5089,Fusion Titanium 2.0 GTDI Eco. Fwd Aut.,"R$ 72.069,00",Leves,Cascavel,PR,,,22/08/2025,31/08/2025,ENTREGUE,SIM,INSTALADO,OFICINA CENTRAL,"R$ 150,00",995774440902263,Azimute,bruna.gomes.costa@outlook.com,63546150,2026-02-05 01:42:11.737363 UTC
ATIVO,29/04/2025,`FeRnandA sanTos costa,GHU-6993,Hilux CD SRV D4-D 4x4 3.0 TDI Diesel Aut,"R$ 106.864,00","Vans, Pick-ups, Furgões, SUV's, Utilitários Caminhonetes e Caminhões até 4T",Imbaú,PR,(38) 94169-3,,02/05/2025,09/05/2025,ENTREGUE,SIM,INSTALADO,OFICINA SANTOS,"R$ 70,00",294071179436480,Azimute,beatriz.gomes.ribeiro@gmail.com,47911997,2026-02-05 01:42:11.737363 UTC
ATIVO,15/08/2025,MARIA   RIBEIRO   OLIVEIRA´@,KUB-8667,Corolla GLi 1.8 Flex 16V Aut.,"R$ 75.170,00",Leves,Cascavel,PR,(36) 92639-7,"27/08/25 - Primeiro contato realizado, associado confirmou a instalação
29/08/25 - Rastreador enviado
08/09/25 - Cobrança para instalação realizada",10/09/2025,20/09/2025,ENTREGUE,SIM,INSTALADO,OFICINA CENTRAL,"R$ 150,00",478875708668100,Azimute,bruna.gomes.rocha@ficticio.com.br,86703781,2026-02-05 01:42:11.737363 UTC
ATIVO,12/05/2025,$GABRieL ARaÚjo MArTInS,AQL-8826,CRUZE Sport LTZ 1.4 16V TB Flex 5p Aut.,"R$ 88.179,00",Leves,Curitiba,PR,14937446554,17/09/2025 - Técnico foi ao local instalar o aparelho,,,N/A,SIM,INSTALADO,ELETRO NORTE,"R$ 90,00",615562233695178,Azimute,fernanda.cardoso.barbosa@outlook.com,64016839,2026-02-05 01:42:11.737363 UTC
ATIVO,15/09/2025,FERNANDA   COSTA   MELO,FGO-4959,ONIX SEDAN Plus LT 1.0 12V Flex 4p Mec.,"R$ 74.276,00",Leves,Curitiba,PR,(69) 97129-8,17/09/2025 - Técnico foi ao local instalar o aparelho,,,N/A,SIM,INSTALADO,ELETRO NORTE,"R$ 90,00",312891216899859,Azimute,gabriel.silva.melo@ficticio.com.br,30034371,2026-02-05 01:42:11.737363 UTC
ATIVO,26/12/2025,MARIA SANTOS ARAÚJO,HGO-4131,HB20S Comfort Style 1.0 TB Flex 12V Mec.,"R$ 52.426,00",Leves,Cascavel,PR,(42) 93081-2213,,30/12/2025,09/01/2026,ENTREGUE,SIM,INSTALADO,OFICINA CENTRAL,"R$ 150,00",740931166309940,Azimute,larissa.silva.araújo@gmail.com,78086145,2026-02-05 01:42:11.737363 UTC
ATIVO,22/05/2025,´GABRIEL PEREIRA RIBEIRO,KBT-5001,ARGO DRIVE 1.0 6V Flex,"R$ 65.434,00",Leves,Ibaiti,PR,,01/10/25 - Aceitou a instalação,02/10/2025,11/10/2025,ENTREGUE,SIM,INSTALADO,OFICINA SUL,"R$ 70,00",251255544573751,Azimute,bruna.melo.gomes@empresa.com,69582486,2026-02-05 01:42:11.737363 UTC
ATIVO,12/11/2025,LUCAS LIMA PEREIRA,EFR-0773,Hilux CD SRX 4x4 2.8 TDI 16V Diesel Aut.,"R$ 187.193,00","Vans, Pick-ups, Furgões, SUV's, Utilitários Caminhonetes e Caminhões até 4T",Imbaú,PR,(56) 91954-4190,,14/11/2025,23/11/2025,ENTREGUE,SIM,INSTALADO,OFICINA SANTOS,"R$ 70,00",359494749437419,Azimute,maria.silva.rodrigues@empresa.com,60169520,2026-02-05 01:42:11.737363 UTC
ATIVO,25/11/2025,peDRo RibEiro saNtos`,PKY-2731,VM 260 6x2 2p (diesel),"R$ 173.979,00",Pesados,Xaxim,SC,,,29/11/2025,06/12/2025,ENTREGUE,SIM,INSTALADO,CENTRO AUTOMOTIVO SUL,"R$ 70,00",90921658731775,Azimute,joo.lima.costa46@gmail.com,92174616,2026-02-05 01:42:11.737363 UTC
ATIVO,23/07/2025,BRUNA ALVES MELO,MCC-8879,208 Griffe 1.6 Flex 16V 5p Aut.,"R$ 88.993,00",Leves,Cascavel,PR,(15) 97655-8431,,27/07/2025,03/08/2025,ENTREGUE,SIM,INSTALADO,OFICINA CENTRAL,"R$ 150,00",850348891929063,Azimute,rodrigo.costa.ferreira@hotmail.com,98759753,2026-02-05 01:42:11.737363 UTC
ATIVO,15/07/2025,BRUNA ALVES ALVES,XAR-4940,F-1000 Super Diesel / Super Diesel Turbo,"R$ 40.000,00","Vans, Pick-ups, Furgões, SUV's, Utilitários Caminhonetes e Caminhões até 4T",Cascavel,PR,(28) 97032-3210,,18/07/2025,28/07/2025,ENTREGUE,SIM,INSTALADO,OFICINA CENTRAL,"R$ 150,00",763644555338090,Azimute,letícia.carvalho.barbosa@outlook.com,24847735,2026-02-05 01:42:11.737363 UTC
ATIVO,27/10/2025,JOÃO SILVA CARDOSO,RLF-5724,Ka 1.0 8V/1.0 8V ST Flex 3p,"R$ 25.673,00",Leves,Cascavel,PR,(75) 90948-8505,,31/10/2025,09/11/2025,ENTREGUE,SIM,INSTALADO,OFICINA CENTRAL,"R$ 150,00",436144818314960,Azimute,julia.silva.cardoso@hotmail.com,13468145,2026-02-05 01:42:11.737363 UTC
ATIVO,23/06/2025,-LUCAS   GOM´ES   PEREIRA,UYL-4932,L200 Triton HPE 3.2 CD TB Int.Diesel Aut,"R$ 95.699,00","Vans, Pick-ups, Furgões, SUV's, Utilitários Caminhonetes e Caminhões até 4T",Imbaú,PR,TEL: (83) 90888-5113,,25/06/2025,03/07/2025,ENTREGUE,SIM,INSTALADO,OFICINA SANTOS,"R$ 70,00",352157061583130,Azimute,maria.ribeiro.souza@outlook.com,77634253,2026-02-05 01:42:11.737363 UTC
ATIVO,05/09/2025,%LARISSA   PEREIRA   ARAÚJO,THP-4946,DAILY CHASSI 49.12/ 50.13 2p (diesel),"R$ 40.839,00",Pesados,Ribeirão Pires,SP,,,09/09/2025,17/09/2025,ENTREGUE,SIM,INSTALADO,AUTO ELÉTRICA SANTOS,"R$ 130,00",802848631107826,Azimute,tiago.rodrigues.santos@empresa.com,87000029,2026-02-05 01:42:11.737363 UTC
ATIVO,05/09/2025,JOÃO   MELO   MARTINS,NXW-2708,HD78 3.0 16V 155cv (diesel) 2p,"R$ 90.158,00",Pesados,Ribeirão Pires,SP,(13) 94391-7,,08/09/2025,15/09/2025,ENTREGUE,SIM,INSTALADO,AUTO ELÉTRICA SANTOS,"R$ 130,00",196798971365329,Azimute,maria.melo.almeida86@outlook.com,10686883,2026-02-05 01:42:11.737363 UTC
ATIVO,05/09/2025,GABRIEL   ARAÚJO   COSTA,RHX-0579,L-1418 3-Eixos 2p (diesel),"R$ 96.294,00",Pesados,Ribeirão Pires,SP,66996832189,,08/09/2025,18/09/2025,ENTREGUE,SIM,INSTALADO,AUTO ELÉTRICA SANTOS,"R$ 130,00",42196045668691,Azimute,tiago.ferreira.rocha@hotmail.com,16545900,2026-02-05 01:42:11.737363 UTC
ATIVO,05/09/2025,JULIA RODRIGUES OLIVEIRA,XXA-7119,HR 2.5 TCI Diesel (RS/RD),"R$ 71.168,00","Vans, Pick-ups, Furgões, SUV's, Utilitários Caminhonetes e Caminhões até 4T",Ribeirão Pires,SP,(25) 91233-8663,,06/09/2025,16/09/2025,ENTREGUE,SIM,INSTALADO,AUTO ELÉTRICA SANTOS,"R$ 80,00",355804127231772,Azimute,rodrigo.alves.barbosa@empresa.com,12955808,2026-02-05 01:42:11.737363 UTC
ATIVO,05/09/2025,TIAGO LIMA SANTOS,HQU-8248,HR 2.5 TCI Diesel (RS/RD),"R$ 79.846,00","Vans, Pick-ups, Furgões, SUV's, Utilitários Caminhonetes e Caminhões até 4T",Ribeirão Pires,SP,TEL: (94) 94625-1791,,09/09/2025,18/09/2025,ENTREGUE,SIM,INSTALADO,AUTO ELÉTRICA SANTOS,"R$ 80,00",616049692295132,Azimute,bruna.almeida.santos84@gmail.com,74199708,2026-02-05 01:42:11.737363 UTC
ATIVO,17/03/2025,AMANDA SOUZA PEREIRA,FQS-0272,FH 440 6x2 2p (diesel),"R$ 238.671,00",CAMINHãO,Pinhalão,PR,(88) 96825-4657,,,,N/A,N/A,JÁ POSSUI,OFICINA DO ALEMÃO,"R$ 90,00",,Coruja Rastreadores,beatriz.oliveira.carvalho@gmail.com,91807128,2026-02-05 01:42:11.737363 UTC
ATIVO,07/05/2025,RICARDO GOMES ARAÚJO,MEJ-0361,FH-460 GLOBETROTTER 6x2 2p (diesel) (E5),"R$ 308.455,00",CAMINHãO,Pinhalão,PR,(16) 91499-4500,,,,N/A,N/A,JÁ POSSUI,OFICINA DO ALEMÃO,"R$ 90,00",,Empresa do Associado,joão.carvalho.rocha@outlook.com,5537171,2026-02-05 01:42:11.737363 UTC
ATIVO,07/05/2025,RODRIGO GOMES MARTINS,OOW-5474,25-370 E Constel. 6x2 Tractor 2p (dies.),"R$ 217.567,00",CAMINHãO,Pinhalão,PR,(56) 97562-4624,,,,N/A,N/A,JÁ POSSUI,OFICINA DO ALEMÃO,"R$ 90,00",,Empresa do Associado,ana.souza.lima@ficticio.com.br,71513645,2026-02-05 01:42:11.737363 UTC
ATIVO,21/11/2025,MARIA  MARTINS  SANTOS,LFQ-6112,INTERNATIONAL 9800i 6x4 2p (diesel)(E5),"R$ 153.030,00",Pesados,Osório,RS,TEL: (17) 96597-8819,,,,N/A,N/A,JÁ POSSUI,Não Encontrado/Não Existe,--,,OnixSat,,,2026-02-05 01:42:11.737363 UTC
ATIVO,15/01/2026,PEDRO   PEREIRA   LIMA,NAL-1765,TECTOR 240E25 6x2 2p (diesel),"R$ 126.122,00",Pesados,Rolândia,PR,(68) 91347-1,,,,N/A,N/A,JÁ POSSUI,ELETRO RÁPIDO,"R$ 80,00",,GoXtech,gustavo.gomes.ribeiro65@outlook.com,58810480,2026-02-05 01:42:11.737363 UTC
ATIVO,11/09/2025,rafael b@arbosa araújo,IYI-7085,TECTOR 240E25 6x2 2p (diesel),"R$ 126.587,00",CAMINHãO,Rio Negro,PR,(36) 95711-3,,,,N/A,N/A,JÁ POSSUI,Não Encontrado/Não Existe,--,955145382161296,Sigasul,maria.almeida.oliveira@empresa.com,67999456,2026-02-05 01:42:11.737363 UTC
ATIVO,10/09/2025,!TIaGO   OLiVeiRA   ALMEIDa,TDB-6958,TECTOR 240E25 6x2 2p (diesel),"R$ 126.587,00",CAMINHãO,Rio Negro,PR,(18) 98563-7,,,,N/A,N/A,JÁ POSSUI,Não Encontrado/Não Existe,--,957462258632481,Sigasul,rafael.araújo.lima@hotmail.com,98423846,2026-02-05 01:42:11.737363 UTC
ATIVO,10/09/2025,JULIA ARAÚJO PEREIRA,EKL-4435,L-1314 3-Eixos 2p (diesel),"R$ 60.017,00",CAMINHãO,Rio Negro,PR,(91) 97002-4728,,,,N/A,N/A,JÁ POSSUI,Não Encontrado/Não Existe,--,907121294994042,Sigasul,gabriel.oliveira.melo@empresa.com,20234819,2026-02-05 01:42:11.737363 UTC
ATIVO,19/08/2025,MATEUS  RIBEIRO  FERREIRA,JNV-6204,FH 440 4x2 2p (diesel),"R$ 226.770,00",CAMINHãO,Tomazina,PR,(27) 91389-3,,,,N/A,N/A,JÁ POSSUI,Não Encontrado/Não Existe,--,,Coruja Rastreadores,,,2026-02-05 01:42:11.737363 UTC
ATIVO,05/03/2025,bruna  santos  alv#es-,PEA-0012,R-440 A 6x4 2p (diesel) (E5),"R$ 291.703,00",Pesados,Telêmaco Borba,PR,(24) 93866-5,,,,N/A,N/A,JÁ POSSUI,AUTO ELÉTRICA RÁPIDO,"R$ 140,00",,,,,2026-02-05 01:42:11.737363 UTC
ATIVO,09/08/2025,TIAGO CARVALHO CARVALHO,XGI-3822,R-440 A 6x4 2p (diesel) (E5),"R$ 291.703,00",Pesados,Telêmaco Borba,PR,(89) 97326-9,,,,N/A,N/A,JÁ POSSUI,AUTO ELÉTRICA RÁPIDO,"R$ 140,00",,,,,2026-02-05 01:42:11.737363 UTC
ATIVO,11/07/2025,GABRIEL COSTA SILVA,VGE-8539,Hilux Chassi 4x4 2.8 TDI Diesel Mec.,"R$ 139.473,00","Vans, Pick-ups, Furgões, SUV's, Utilitários Caminhonetes e Caminhões até 4T",Ibaiti,PR,(73) 98818-9171,,,,N/A,N/A,JÁ POSSUI,OFICINA SUL,"R$ 70,00",,Coruja Rastreadores,pedro.oliveira.santos@empresa.com,6948360,2026-02-05 01:42:11.737363 UTC
ATIVO,30/11/2025,!JOÃO MELO ARAÚJO,IAG-5560,Atego 2425 3-Eixos 2p (diesel),"R$ 254.002,00",Pesados,Clevelândia,PR,,,,,N/A,N/A,JÁ POSSUI,MECÂNICA RÁPIDO,"R$ 80,00",,Tracker,letcia.rocha.melo41@hotmail.com,84597567,2026-02-05 01:42:11.737363 UTC
ATIVO,16/05/2025,MARIA CARVALHO ARAÚJO,SEM-6248,G-400 A 4x2 3-Eixos/A 6x2 2p(dies.) (E5),"R$ 276.397,00",Pesados,Porto Alegre,RS,(80) 99902-8141,,,,N/A,N/A,JÁ POSSUI,OFICINA CONFIANÇA,"R$ 90,00",,,,,2026-02-05 01:42:11.737363 UTC
ATIVO,23/07/2024,L`UCAS  MELO  ALMEIDA,MWT-3961,P-360 A 4x2 2p (diesel) (E5),"R$ 260.769,00",CAMINHãO,Porto Alegre,RS,(63) 99314-8,,,,N/A,N/A,JÁ POSSUI,OFICINA CONFIANÇA,"R$ 90,00",,,,,2026-02-05 01:42:11.737363 UTC
ATIVO,21/07/2025,RicarDo siLVa RodRIGUES,TUB-0604,G-420 A 4x2 3-Eixos/ A 6x2 2p (diesel),"R$ 232.856,00",CAMINHãO,Porto Alegre,RS,81945949055,,,,N/A,N/A,JÁ POSSUI,OFICINA CONFIANÇA,"R$ 90,00",,,,,2026-02-05 01:42:11.737363 UTC
ATIVO,17/06/2025,#MATEUS FERREIRA RODRIGUES,FEF-1961,24-280 E Constel. 6x2 2p (diesel)(E5),"R$ 231.455,00",CAMINHãO,Rolândia,PR,(73) 90659-9,,,,N/A,N/A,JÁ POSSUI,ELETRO RÁPIDO,"R$ 80,00",,GoXtech,larissa.gomes.araújo@gmail.com,91755020,2026-02-05 01:42:11.737363 UTC
ATIVO,25/08/2025,MARIA GOMES RODRIGUES,ULR-2857,FH-460 GLOBETROTTER 6x2 2p (diesel) (E5),"R$ 303.850,00",Pesados,Pinhalão,PR,(73) 97220-4587,,,,N/A,N/A,JÁ POSSUI,OFICINA DO ALEMÃO,"R$ 90,00",,Cobli,beatriz.costa.rocha@gmail.com,19772988,2026-02-05 01:42:11.737363 UTC
ATIVO,16/01/2026,GABRIEL SILVA SILVA,DIV-8463,Discovery Sport HSE Lux. 2.0 4x4 /Flex,"R$ 108.002,00",Leves,Ribeirão Pires,SP,(48) 95128-1647,,,,PENDENTE,NÃO,PENDENTE,AUTO ELÉTRICA SANTOS,"R$ 80,00",,,,,2026-02-05 01:42:11.737363 UTC
ATIVO,11/12/2025,AMANDA  SOUZA  OLIVEIRA,YUF-2641,C4 LOUNGE S 1.6 Turbo Flex Aut.,"R$ 51.461,00",Leves,Cascavel,PR,TEL: (16) 96943-2117,,,,PENDENTE,NÃO,PENDENTE,OFICINA CENTRAL,"R$ 150,00",,,,,2026-02-05 01:42:11.737363 UTC
ATIVO,10/08/2025,MATEUS SANTOS CARVALHO,OAZ-7523,Actros 2546 LS 6x2 2p (diesel) (E5),"R$ 203.066,00",Pesados,Clevelândia,PR,(63) 93260-9608,"13/08/2025 - Primeiro contato realizado, aguardando resposta
19/08/2025 - Primeiro contato realizado, aprovou a instalação
03/09/2025 - Aparelhos chegaram no local",07/09/2025,15/09/2025,ENTREGUE,NÃO,PENDENTE,MECÂNICA RÁPIDO,"R$ 80,00",,,,,2026-02-05 01:42:11.737363 UTC
ATIVO,22/07/2025,AMANDA RODRIGUES OLIVEIRA-,TXK-3609,FH-12 380 4x2 2p (diesel),"R$ 137.453,00",Pesados,Ponta Grossa,PR,TEL: (63) 97108-6007,,,,PENDENTE,NÃO,PENDENTE,Não Encontrado/Não Existe,--,,,,,2026-02-05 01:42:11.737363 UTC
ATIVO,08/09/2025,MATEUS   SANTOS   COSTA,VAU-7296,JETTA Comfortline 2.0 T.Flex 8V 4p Mec.,"R$ 54.528,00",Leves,Cascavel,PR,(54) 90924-5,,,,PENDENTE,NÃO,PENDENTE,OFICINA CENTRAL,"R$ 150,00",,,,,2026-02-05 01:42:11.737363 UTC
ATIVO IRREGULAR,01/09/2025,LARISSA CARVALHO CARVALHO,LXZ-5626,LS-1935 3-Eixos 2p (diesel),"R$ 81.347,00",Pesados,Clevelândia,PR,(64) 91742-8280,"14/08/2025 - Primeiro contato realizado, aguardando renovação para instalar o dispositivo",,,PENDENTE,NÃO,PENDENTE,MECÂNICA RÁPIDO,"R$ 80,00",,,,,2026-02-05 01:42:11.737363 UTC
ATIVO,21/11/2025,LUCAS SOUZA MELO,BXE-9411,EcoSport TITANIUM 2.0 16V Flex 5p,"R$ 52.715,00",Leves,Céu Azul,PR,(79) 91260-5949,,,,PENDENTE,NÃO,PENDENTE,Não Encontrado/Não Existe,--,,,,,2026-02-05 01:42:11.737363 UTC
ATIVO,20/08/2025,GUSTAVO ALMEIDA ALMEIDA,AQA-3233,T40 1.5 JET Flex 16V 5p Mec.,"R$ 53.058,00","Vans, Pick-ups, Furgões, SUV's, Utilitários Caminhonetes e Caminhões até 4T",Ipiranga,PR,(49) 93800-8489,,,,PENDENTE,NÃO,PENDENTE,Não Encontrado/Não Existe,--,,,,,2026-02-05 01:42:11.737363 UTC
ATIVO,26/06/2025,GUSTAVO LIMA RODRIGUES,FJN-5190,FH-540 6x4 2p (diesel) (E5),"R$ 565.792,00",CAMINHãO,Pelotas,RS,(43) 93502-3812,,,,PENDENTE,NÃO,PENDENTE,Não Encontrado/Não Existe,--,,,,,2026-02-05 01:42:11.737363 UTC
ATIVO,26/06/2025,RODRIGO MELO CARDOSO,MUL-6010,FH-540 6x4 2p (diesel) (E5),"R$ 508.774,00",CAMINHãO,Pelotas,RS,(26) 97048-2710,,,,PENDENTE,NÃO,PENDENTE,Não Encontrado/Não Existe,--,,,,,2026-02-05 01:42:11.737363 UTC
ATIVO,26/06/2025,tiago  barbosa  carvalho,OYS-1120,Actros 2651 S 6x4 2p (diesel)(E5),"R$ 499.121,00",CAMINHãO,Pelotas,RS,52991769079,,,,PENDENTE,NÃO,PENDENTE,Não Encontrado/Não Existe,--,,,,,2026-02-05 01:42:11.737363 UTC
ATIVO,03/03/2025,`MARIA CARVALHO MARTINS,TZE-8337,G-420 A 4x2 2p (diesel),"R$ 239.787,00",CAMINHãO,Reserva,PR,(17) 95380-5,,,,PENDENTE,NÃO,PENDENTE,Não Encontrado/Não Existe,--,,,,,2026-02-05 01:42:11.737363 UTC
ATIVO,03/03/2025,JULIA ALVES SOUZA,BWO-4557,STRALIS HD 740-S46TZ 3-Eixos 2p (diesel),"R$ 174.046,00",CAMINHãO,Reserva,PR,(40) 91586-2824,,,,PENDENTE,NÃO,PENDENTE,Não Encontrado/Não Existe,--,,,,,2026-02-05 01:42:11.737363 UTC
INADIMPLENTE,20/07/2025,MARIA RODRIGUES SANTOS,PYI-4265,30-330 Constellation 8x2 2p (diesel)(E5),"R$ 475.274,00",CAMINHãO,Lebon Régis,SC,(74) 97201-7,INADIMPLENTE,,,PENDENTE,NÃO,PENDENTE,Não Encontrado/Não Existe,--,,,,,2026-02-05 01:42:11.737363 UTC
ATIVO,07/07/2025,FERNANDA SILVA RIBEIRO,YKV-2695,EcoSport FREESTYLE 1.6 16V Flex 5p Aut.,"R$ 56.038,00","Vans, Pick-ups, Furgões, SUV's, Utilitários Caminhonetes e Caminhões até 4T",Aral Moreira,MS,(51) 96320-7533,,,,PENDENTE,NÃO,PENDENTE,Não Encontrado/Não Existe,--,,,,,2026-02-05 01:42:11.737363 UTC
ATIVO,14/04/2025,PEDRO RODRIGUES CARDOSO,TXO-1281,G-450 A 6x4 2p (diesel)(E5),"R$ 463.176,00",Pesados,Capão do Leão,RS,(17) 90198-4282,,,,PENDENTE,NÃO,PENDENTE,Não Encontrado/Não Existe,--,,,,,2026-02-05 01:42:11.737363 UTC
ATIVO,02/01/2026,^BEATRIZ   COSTA   COSTA,KSP-4518,FH 440 6x2 2p (diesel),"R$ 209.522,00",Pesados,Imbaú,PR,(62) 91646-3,,04/01/2026,,ENVIADO,NÃO,PENDENTE,OFICINA SANTOS,"R$ 70,00",,,,,2026-02-05 01:42:11.737363 UTC
ATIVO,29/04/2025,FERNANDA SILVA MELO,BHZ-6712,Gol 1.6 MSI Flex 8V 5p,"R$ 57.450,00",Leves,Tatuí,SP,(83) 92082-5812,,,,PENDENTE,NÃO,PENDENTE,Não Encontrado/Não Existe,--,,,,,2026-02-05 01:42:11.737363 UTC
ATIVO,24/10/2025,JULIA  PEREIRA  SILVA,JBQ-8191,G-480 B 8x4 2p (diesel) (E5),"R$ 469.684,00",Pesados,Campo Magro,PR,77920637402,11/11/25 - aderiu o rastreador,,,PENDENTE,NÃO,PENDENTE,TECH SILVA,"R$ 90,00",,,,,2026-02-05 01:42:11.737363 UTC
ATIVO,15/01/2026,GUSTAVO  ROCHA  MART_INS@,GUO-0931,Hilux CD SRV 4x4 2.8 TDI Diesel Aut.,"R$ 193.929,00","Vans, Pick-ups, Furgões, SUV's, Utilitários Caminhonetes e Caminhões até 4T",Clevelândia,PR,(82) 95135-1,"22/08/2025 - Primeiro contato realizado, aprovou a instalação
03/09/2025 - Aparelhos chegaram no local",,,PENDENTE,NÃO,PENDENTE,MECÂNICA RÁPIDO,"R$ 80,00",,,,,2026-02-05 01:42:11.737363 UTC
ATIVO,15/02/2025,AMANDA CARDOSO SOUZA,QRP-7482,LS-1938 2p (diesel),"R$ 91.981,00",Pesados,Vitorino,PR,(58) 98452-9105,,,,PENDENTE,NÃO,PENDENTE,Não Encontrado/Não Existe,--,,,,,2026-02-05 01:42:11.737363 UTC
ATIVO,10/09/2025,AMANDA  ALMEIDA  BARBOSA,JPY-5807,SR / RECRUSUL SRFM,"R$ 140.000,00",PESADOS,Capinzal,SC,78975925924,,,,PENDENTE,NÃO,PENDENTE,Não Encontrado/Não Existe,--,,,,,2026-02-05 01:42:11.737363 UTC
ATIVO,21/10/2025,RICARDO MELO SANTOS,EAH-1598,FH 440 6x4 2p (diesel),"R$ 235.433,00",Pesados,Videira,SC,(39) 98673-6919,,,,PENDENTE,NÃO,PENDENTE,TECH DO ALEMÃO,"R$ 50,00",,,,,2026-02-05 01:42:11.737363 UTC
ATIVO,23/10/2025,mateus  PEREira  oLIVeIrA,FAN-5731,INTERNATIONAL 9800/9800i 6x2 2p (diesel),"R$ 132.170,00",Pesados,Arroio do Meio,RS,,,,,PENDENTE,NÃO,PENDENTE,Não Encontrado/Não Existe,--,,,,,2026-02-05 01:42:11.737363 UTC
ATIVO,24/07/2025,MATEUS RIBEIRO COSTA,EJP-8543,FH 400 GLOBETROTTER 6x2 2p (diesel),"R$ 184.737,00",CAMINHãO,Tatuí,SP,(90) 97209-6364,,,,PENDENTE,NÃO,PENDENTE,Não Encontrado/Não Existe,--,,,,,2026-02-05 01:42:11.737363 UTC
ATIVO,24/07/2025,rafael cardoso barbosa!,ZUG-2014,25-370 E Constel. 6x2 Tractor 2p (dies.),"R$ 192.451,00",Pesados,Tatuí,SP,(22) 90226-5,,,,PENDENTE,NÃO,PENDENTE,Não Encontrado/Não Existe,--,,,,,2026-02-05 01:42:11.737363 UTC
ATIVO,30/11/2024,RODRIGO BARBOSA PEREIRA,GPP-2430,26-280 E Constel. 6x4 2p (diesel)(E5),"R$ 236.038,00",CAMINHãO,Palmeira das Missões,RS,(34) 91428-4304,,,,PENDENTE,NÃO,PENDENTE,Não Encontrado/Não Existe,--,,,,,2026-02-05 01:42:11.737363 UTC
INADIMPLENTE,01/09/2025,LUCAS ALVES PEREIRA,MEW-2916,JOURNEY RT 3.6 AWD V6 Aut.,"R$ 60.865,00","Vans, Pick-ups, Furgões, SUV's, Utilitários Caminhonetes e Caminhões até 4T",Cascavel,PR,(69) 90844-8377,INADIMPLENTE,,,PENDENTE,NÃO,PENDENTE,OFICINA CENTRAL,"R$ 150,00",,,,,2026-02-05 01:42:11.737363 UTC
ATIVO IRREGULAR,30/10/2025,PEDRO SANTOS CARDOSO,ILP-3469,TRACKER Premier 1.4 Turbo 16V Flex Aut,"R$ 88.026,00","Vans, Pick-ups, Furgões, SUV's, Utilitários Caminhonetes e Caminhões até 4T",Assaí,PR,(57) 93967-5734,,,,PENDENTE,NÃO,PENDENTE,Não Encontrado/Não Existe,--,,,,,2026-02-05 01:42:11.737363 UTC
INADIMPLENTE,20/09/2024,´LUCAS FERREIRA FERREIRA,AHR-5689,VM 260 6x2 2p (diesel),"R$ 174.854,00",Pesados,Blumenau,SC,(30) 93526-6,INADIMPLENTE,,,PENDENTE,NÃO,PENDENTE,CENTRO AUTOMOTIVO SUL,"R$ 70,00",,,,,2026-02-05 01:42:11.737363 UTC
ATIVO,15/01/2026,~JUliA CArDOSO SoUza,KRI-8564,Corolla ALTIS/A.Premiu. 2.0 Flex 16V Aut,"R$ 72.926,00",Leves,Clevelândia,PR,(58) 90894-9,"19/08/2025 - Primeiro contato realizado, aprovou a instalação
03/09/2025 - Aparelhos chegaram no local",19/01/2026,28/01/2026,ENTREGUE,NÃO,PENDENTE,MECÂNICA RÁPIDO,"R$ 80,00",,,,,2026-02-05 01:42:11.737363 UTC
ATIVO,24/07/2025,LUCAS CARDOSO SILVA,UNN-8750,T-113 H 360 4x2 2p (diesel),"R$ 113.217,00",Pesados,Ponte Alta,SC,(61) 93785-3167,,,,PENDENTE,NÃO,PENDENTE,Não Encontrado/Não Existe,--,,,,,2026-02-05 01:42:11.737363 UTC
ATIVO,20/12/2025,RAFAEL CARVALHO RODRIGUES,LRV-4432,CARGO 1622 T 3-Eixos 2p (diesel),"R$ 74.588,00",Pesados,Água Doce,SC,(67) 93655-5,,,,PENDENTE,NÃO,PENDENTE,Não Encontrado/Não Existe,--,,,,,2026-02-05 01:42:11.737363 UTC
ATIVO,30/07/2025,MARIA  CARDOSO  ´PEREIRA,EYW-9268,CARGO 2422/ 2422 E 3-Eixos 2p (diesel),"R$ 231.254,00",Pesados,Paiçandu,PR,TEL: (98) 93353-5306,,02/08/2025,09/08/2025,ENTREGUE,NÃO,PENDENTE,MECÂNICA SILVA,"R$ 90,00",,,,,2026-02-05 01:42:11.737363 UTC
ATIVO,30/07/2025,LARISSA MARTINS COSTA,UOE-5093,LS-1634 3-Eixos 2p (diesel),"R$ 172.582,00",Pesados,Paiçandu,PR,(77) 90229-5237,,,,PENDENTE,NÃO,PENDENTE,MECÂNICA SILVA,"R$ 90,00",,,,,2026-02-05 01:42:11.737363 UTC
ATIVO,16/01/2026,GUSTAVO ARAÚJO PEREIRA,UDT-5546,HB20 Sense 1.0 Flex 12V Mec.,"R$ 62.859,00",Leves,Guaraniaçu,PR,TEL: (96) 91058-7419,,,,PENDENTE,NÃO,PENDENTE,Não Encontrado/Não Existe,--,,,,,2026-02-05 01:42:11.737363 UTC
ATIVO,10/08/2025,GUSTAVO SANTOS SOUZA,OYY-9121,AMAROK SE CD 2.0 16V TDI 4x4 Diesel,"R$ 94.557,00","Vans, Pick-ups, Furgões, SUV's, Utilitários Caminhonetes e Caminhões até 4T",Porto União,SC,(90) 94067-6712,,,,PENDENTE,NÃO,PENDENTE,Não Encontrado/Não Existe,--,,,,,2026-02-05 01:42:11.737363 UTC
ATIVO,12/12/2025,RICARDO COSTA CARVALHO,EJY-6447,L200 Triton Savana 2.4 4x4 Die. Aut.,"R$ 228.719,00","Vans, Pick-ups, Furgões, SUV's, Utilitários Caminhonetes e Caminhões até 4T",Hulha Negra,RS,(39) 93846-1205,,,,PENDENTE,NÃO,PENDENTE,Não Encontrado/Não Existe,--,,,,,2026-02-05 01:42:11.737363 UTC
ATIVO,16/07/2025,RODRIGO MELO MELO,FWU-0334,Jumpy 1.6 Furgão Pack Turbo Diesel,"R$ 128.623,00","Vans, Pick-ups, Furgões, SUV's, Utilitários Caminhonetes e Caminhões até 4T",Sarandi,PR,(30) 95960-5596,,17/07/2025,25/07/2025,ENTREGUE,NÃO,PENDENTE,AUTO ELÉTRICA RÁPIDO,"R$ 140,00",,,,,2026-02-05 01:42:11.737363 UTC
ATIVO,23/05/2025,RAFAEL CARDOSO RIBEIRO,ETD-1835,1938-S 2p (diesel),"R$ 105.374,00",CAMINHãO,Toledo,PR,(42) 99569-9799,,,,PENDENTE,NÃO,PENDENTE,Não Encontrado/Não Existe,--,,,,,2026-02-05 01:42:11.737363 UTC
ATIVO,23/05/2025,ga-briel araújo cardoso`,TBU-5083,L 1513,"R$ 200.000,00",PESADOS,Toledo,PR,TEL: (37) 90324-5603,,,,PENDENTE,NÃO,PENDENTE,Não Encontrado/Não Existe,--,,,,,2026-02-05 01:42:11.737363 UTC
ATIVO,20/10/2025,BRUNA MELO ALVES,ZLZ-5645,Durango Crew 3.6 24V 4x4 Aut.,"R$ 86.859,00",Leves,Cascavel,PR,(19) 95617-9757,APARELHO DO ANTIGO VEICULO REMOVIDO,21/10/2025,29/10/2025,ENTREGUE,NÃO,PENDENTE,OFICINA CENTRAL,"R$ 150,00",778561230420634,Azimute,larissa.cardoso.almeida@outlook.com,55199816,2026-02-05 01:42:11.737363 UTC
ATIVO,09/01/2026,joão costa barbosa,JLG-5909,TRACKER LTZ 1.4 Turbo 16V Flex 4x2 Aut.,"R$ 80.145,00",Leves,Cascavel,PR,TEL: (48) 92479-7271,,,,PENDENTE,NÃO,PENDENTE,OFICINA CENTRAL,"R$ 150,00",,,,,2026-02-05 01:42:11.737363 UTC
ATIVO,28/02/2025,RAFAEL BARBOSA OLIVEIRA,QCA-4637,FH-460 GLOBETROTTER 6x2 2p (diesel) (E5),"R$ 290.222,00",CAMINHãO,Itaperuçu,PR,,,,,PENDENTE,NÃO,PENDENTE,Não Encontrado/Não Existe,--,,,,,2026-02-05 01:42:11.737363 UTC
ATIVO,17/01/2026,MATEUS ROCHA PEREIRA,HUL-5293,FH-12 380 GLOBETROTTER 4x2 2p (diesel),"R$ 110.268,00",Pesados,Ibiporã,PR,(46) 97223-9613,,,,PENDENTE,NÃO,PENDENTE,Não Encontrado/Não Existe,--,,,,,2026-02-05 01:42:11.737363 UTC
ATIVO,02/07/2025,Maria c~Arvalho GOmES,YVE-9827,Frontier SV ATTACK CD 4x2 2.5 TB Diesel,"R$ 98.465,00","Vans, Pick-ups, Furgões, SUV's, Utilitários Caminhonetes e Caminhões até 4T",Cascavel,PR,83959473604,"26/08/25 - Primeiro contato realizado, não quer aderir no momento",,,PENDENTE,NÃO,PENDENTE,OFICINA CENTRAL,"R$ 150,00",,,,,2026-02-05 01:42:11.737363 UTC
ATIVO,11/07/2025,RAfAEl aLVeS CARvALHO,IOS-4244,S10 Pick-Up Luxe 2.8 4x2 CD TB Int.Dies.,"R$ 52.264,00","Vans, Pick-ups, Furgões, SUV's, Utilitários Caminhonetes e Caminhões até 4T",Cascavel,PR,(69) 95121-1,"26/08/25 - Primeiro contato realizado, aguardando resposta",,,PENDENTE,NÃO,PENDENTE,OFICINA CENTRAL,"R$ 150,00",,,,,2026-02-05 01:42:11.737363 UTC
ATIVO IRREGULAR,10/08/2025,_BRUNA OLIVEIR^A OLIVEIRA,EVU-2444,FH-500 GLOBETROTTER 8x2 2p (diesel)(E5),"R$ 456.914,00",Pesados,Herval,RS,(69) 93961-7,"02/10/25 - Contato realizado, aguardando resposta",,,PENDENTE,NÃO,PENDENTE,Não Encontrado/Não Existe,--,,,,,2026-02-05 01:42:11.737363 UTC
ATIVO IRREGULAR,10/08/2025,LUCAS ARAÚJO FERREIRA,VUX-1037,Actros 2651 S 6x4 2p (diesel)(E5),"R$ 320.008,00",Pesados,Herval,RS,TEL: (40) 92599-9688,"02/10/25 - Contato realizado, aguardando resposta",,,PENDENTE,NÃO,PENDENTE,Não Encontrado/Não Existe,--,,,,,2026-02-05 01:42:11.737363 UTC
ATIVO,11/12/2025,MATEUS ROCHA ROCHA,PQD-2407,HB20S C.Style/C.Plus1.6 Flex 16V Aut. 4p,"R$ 67.998,00",Leves,Cascavel,PR,(23) 98805-6,,,,PENDENTE,NÃO,PENDENTE,OFICINA CENTRAL,"R$ 150,00",,,,,2026-02-05 01:42:11.737363 UTC
ATIVO,06/11/2025,LARISSA MELO FERREIRA,VAC-2773,S10 P-Up Advant. 2.4/2.4 MPFI F.Power CD,"R$ 51.116,00","Vans, Pick-ups, Furgões, SUV's, Utilitários Caminhonetes e Caminhões até 4T",Cambé,PR,TEL: (12) 90110-3423,,,,PENDENTE,NÃO,PENDENTE,MECÂNICA TOTAL,"R$ 100,00",,,,,2026-02-05 01:42:11.737363 UTC
ATIVO,07/03/2025,$PEDRO   M@ARTINS   RIBEIRO,NYO-5289,VIRTUS Exclusive 250TSI 1.4 Flex 16V Aut,"R$ 123.927,00",Leves,Piraquara,PR,(89) 92456-8,,,,PENDENTE,NÃO,PENDENTE,Não Encontrado/Não Existe,--,,,,,2026-02-05 01:42:11.737363 UTC
ATIVO,02/04/2025,LARISSA ROCHA RODRIGUES,WGO-0485,STRALIS HD/NR 490-S38T 2p (diesel),"R$ 141.161,00",CAMINHãO,Roca Sales,RS,(62) 93916-5742,,,,PENDENTE,NÃO,PENDENTE,Não Encontrado/Não Existe,--,,,,,2026-02-05 01:42:11.737363 UTC
ATIVO,17/07/2025,GABRIEL   OLIVEIRA   COSTA^,ZWS-6651,P-320 B 8x2 2p (diesel)(E5),"R$ 548.054,00",CAMINHãO,Campestre da Serra,RS,,,,,PENDENTE,NÃO,PENDENTE,Não Encontrado/Não Existe,--,,,,,2026-02-05 01:42:11.737363 UTC
ATIVO,13/10/2025,LETÍCIA  COSTA  FER!REIRA,OUQ-8183,SOUL 1.6/ 1.6 16V FLEX Aut.,"R$ 51.216,00",Leves,Pato Branco,PR,,,,,PENDENTE,NÃO,PENDENTE,Não Encontrado/Não Existe,--,,,,,2026-02-05 01:42:11.737363 UTC
ATIVO IRREGULAR,07/10/2025,joão  pereira  pereira,TTC-1788,EcoSport S 1.6 16V Flex 5p,"R$ 51.601,00",Leves,Candiota,RS,62913118890,,,,PENDENTE,NÃO,PENDENTE,Não Encontrado/Não Existe,--,,,,,2026-02-05 01:42:11.737363 UTC
ATIVO IRREGULAR,25/11/2025,%JOÃO  PEREIRA  LIMA,CXH-3761,T-112 HS 320 4x2 2p (diesel),"R$ 82.785,00",Pesados,Caçador,SC,(41) 90886-4,,,,PENDENTE,NÃO,PENDENTE,Não Encontrado/Não Existe,--,,,,,2026-02-05 01:42:11.737363 UTC
ATIVO,15/02/2026,JOÃO ALVES RODRIGUES,ZNK-0148,T-124 GA 360 6x2 NZ 2p (diesel) / Millen,"R$ 125.071,00",Pesados,Gravataí,RS,(22) 94145-6710,,,,PENDENTE,NÃO,PENDENTE,Não Encontrado/Não Existe,--,,,,,2026-02-05 01:42:11.737363 UTC
ATIVO,14/01/2026,RODRIGO SILVA BARBOSA`,KHV-0213,L200 Triton GL 3.2 CD TB Int. Dies. Mec.,"R$ 88.100,00","Vans, Pick-ups, Furgões, SUV's, Utilitários Caminhonetes e Caminhões até 4T",Nova Prata do Iguaçu,PR,,,,,PENDENTE,NÃO,PENDENTE,Não Encontrado/Não Existe,--,,,,,2026-02-05 01:42:11.737363 UTC
ATIVO,13/09/2025,GUSTAVO FERREIRA ARAÚJO,BZM-4272,Toro Ranch 2.0 16V 4x4 TB Diesel Aut.,"R$ 166.885,00","Vans, Pick-ups, Furgões, SUV's, Utilitários Caminhonetes e Caminhões até 4T",Cascavel,PR,TEL: (59) 92343-4339,27/08/25 - Primeiro contato realizado: SEM RESPOSTA,,,PENDENTE,NÃO,PENDENTE,OFICINA CENTRAL,"R$ 150,00",,,,,2026-02-05 01:42:11.737363 UTC
INADIMPLENTE,21/04/2025,GABRIEL OLIVEIRA CARVALHO,YBS-6235,Axor 3340 S 6x4 2p (diesel),"R$ 163.933,00",CAMINHãO,Caçador,SC,(37) 97467-4180,INADIMPLENTE,,,PENDENTE,NÃO,PENDENTE,Não Encontrado/Não Existe,--,,,,,2026-02-05 01:42:11.737363 UTC
ATIVO,10/08/2025,LARISSA MELO PEREIRA,WFX-9448,F-1000 S. S. Diesel / S.S. Diesel Turbo,"R$ 61.175,00","Vans, Pick-ups, Furgões, SUV's, Utilitários Caminhonetes e Caminhões até 4T",Palmas,PR,(52) 90707-8766,,,,PENDENTE,NÃO,PENDENTE,Não Encontrado/Não Existe,--,,,,,2026-02-05 01:42:11.737363 UTC
ATIVO,01/10/2025,ANA   MELO   RIBEIRO$,HMM-9617,JETTA Comfortline 2.0 T.Flex 8V 4p Tipt.,"R$ 66.690,00",Leves,Clevelândia,PR,,"19/08/2025 - Primeiro contato realizado, aprovou a instalação
03/09/2025 - Aparelhos chegaram no local",05/10/2025,15/10/2025,ENTREGUE,NÃO,PENDENTE,MECÂNICA RÁPIDO,"R$ 80,00",,,,,2026-02-05 01:42:11.737363 UTC
ATIVO,15/07/2025,LARISSA PEREIRA ROCHA,WXL-1866,ETIOS CROSS 1.5 Flex 16V 5p Aut.,"R$ 61.138,00",Leves,Cascavel,PR,,27/08/25 - Primeiro contato realizado: SEM RESPOSTA,,,PENDENTE,NÃO,PENDENTE,OFICINA CENTRAL,"R$ 150,00",,,,,2026-02-05 01:42:11.737363 UTC
ATIVO,08/05/2025,_BeATRiz rODRIgUeS oLIveIRA,QPT-4421,P-360 B 6x2 2p (diesel)(E5),"R$ 563.877,00",CAMINHãO,Curitiba,PR,(63) 98656-1,,,,PENDENTE,NÃO,PENDENTE,ELETRO NORTE,"R$ 90,00",,,,,2026-02-05 01:42:11.737363 UTC
ATIVO,05/04/2025,LETÍCIA  OLIVEIRA  GOMES,SOU-2140,Accelo 1316 6x2 2p (diesel)(E5),"R$ 329.813,00",CAMINHãO,Curitiba,PR,18928088791,,,,PENDENTE,NÃO,PENDENTE,ELETRO NORTE,"R$ 90,00",,,,,2026-02-05 01:42:11.737363 UTC
ATIVO,29/04/2025,ANA SANTOS COSTA,SCJ-4123,P-310 B 8x2 (diesel) (E5),"R$ 311.276,00",CAMINHãO,Curitiba,PR,(41) 92383-4047,,,,PENDENTE,NÃO,PENDENTE,ELETRO NORTE,"R$ 90,00",,,,,2026-02-05 01:42:11.737363 UTC
ATIVO,15/01/2026,JOÃO   OLIVEIRA   ROCHA+,MAZ-8047,FH-460 GLOBETROTTER 6x2 2p (diesel) (E5),"R$ 498.166,00",Pesados,Campo Alegre,SC,,,,,PENDENTE,NÃO,PENDENTE,Não Encontrado/Não Existe,--,,,,,2026-02-05 01:42:11.737363 UTC
ATIVO,27/08/2025,rafael oliveira gomes*,QUX-0436,JETTA Comfortline 2.0 T.Flex 8V 4p Tipt.,"R$ 64.888,00",Leves,Timóteo,MG,69995778182,,,,PENDENTE,NÃO,PENDENTE,Não Encontrado/Não Existe,--,,,,,2026-02-05 01:42:11.737363 UTC
ATIVO,01/03/2025,@RAFAEL SOUZA MARTINS,PHX-3742,HB20 Comfort Plus 1.0 TB Flex 12V Mec.,"R$ 54.351,00",Leves,Cascavel,PR,TEL: (72) 92986-5541,,,,PENDENTE,NÃO,PENDENTE,OFICINA CENTRAL,"R$ 150,00",,,,,2026-02-05 01:42:11.737363 UTC
INADIMPLENTE,10/03/2025,LeTíCia araúJO CARDOSo_,CFN-6308,T-112 HW 320 4x2 2p (diesel),"R$ 62.755,00",CAMINHãO,Pinhalão,PR,95989419311,INADIMPLENTE,,,PENDENTE,NÃO,PENDENTE,OFICINA DO ALEMÃO,"R$ 90,00",,,,,2026-02-05 01:42:11.737363 UTC
ATIVO,27/05/2025,~BRUNA CARVALHO #ARAÚJO,ZZL-2773,STRALIS HD/NR 490-S38T 2p (diesel),"R$ 141.995,00",CAMINHãO,General Carneiro,PR,TEL: (66) 96869-6321,,,,PENDENTE,NÃO,PENDENTE,Não Encontrado/Não Existe,--,,,,,2026-02-05 01:42:11.737363 UTC
ATIVO,27/05/2025,RODRIGO LIMA OLIVEIRA,MMN-4603,STRALIS HD 450-S38T 2p (diesel),"R$ 116.965,00",CAMINHãO,General Carneiro,PR,(32) 94986-2654,,,,PENDENTE,NÃO,PENDENTE,Não Encontrado/Não Existe,--,,,,,2026-02-05 01:42:11.737363 UTC
ATIVO,24/04/2025,RICARDO PEREIRA- ALMEIDA,CDJ-0963,STRALIS HD 450-S38T 2p (diesel),"R$ 112.815,00",CAMINHãO,General Carneiro,PR,(51) 99222-9,,,,PENDENTE,NÃO,PENDENTE,Não Encontrado/Não Existe,--,,,,,2026-02-05 01:42:11.737363 UTC
ATIVO IRREGULAR,05/11/2025,lucas rocha gomes,YEW-1091,Focus Fastback TIT./T.PLUS 2.0 Flex Aut.,"R$ 66.255,00",Leves,Cascavel,PR,(41) 96173-7,,,,PENDENTE,NÃO,PENDENTE,OFICINA CENTRAL,"R$ 150,00",,,,,2026-02-05 01:42:11.737363 UTC
ATIVO,26/11/2025,FERNANDA MARTINS PEREIRA,GRR-5053,TRACKER LTZ 1.4 Turbo 16V Flex 4x2 Aut.,"R$ 79.532,00",Leves,Ribeirão Pires,SP,(25) 96785-3,,,,PENDENTE,NÃO,PENDENTE,AUTO ELÉTRICA SANTOS,"R$ 80,00",,,,,2026-02-05 01:42:11.737363 UTC
ATIVO IRREGULAR,10/11/2025,MARIA ROCHA PEREIRA*,JYV-3075,R-114 GA 380 4x2 NZ 2p (diesel),"R$ 186.957,00",Pesados,Cambé,PR,TEL: (15) 90439-6051,"15/07/2025 - Primeiro contato realizado, associado não se encontra na cidade, chegará final do mês 08/25
06/08/2025 - Rastreadores enviados à auto elétrica responsável
12/08/2025 - Rastreadores chegaram no destino, contato da auto elétrica enviado para o associado",14/11/2025,21/11/2025,ENTREGUE,NÃO,PENDENTE,MECÂNICA TOTAL,"R$ 100,00",714167999743145,Azimute,,,2026-02-05 01:42:11.737363 UTC
INADIMPLENTE,05/06/2025,BR^UNA FERREIRA PEREIRA+,HVH-8946,33.460 Constellation 6x4 2p (diesel)(E5),"R$ 478.517,00",CAMINHãO,São Simão,GO,48971319172,,,,PENDENTE,NÃO,PENDENTE,Não Encontrado/Não Existe,--,,,,,2026-02-05 01:42:11.737363 UTC
INADIMPLENTE,16/06/2025,TIAGO GOMES MARTINS,LBO-2398,31-330 E Constel. 6x4 2p (diesel)(E5),"R$ 396.767,00",Pesados,São Simão,GO,(18) 94552-8018,,,,PENDENTE,NÃO,PENDENTE,Não Encontrado/Não Existe,--,,,,,2026-02-05 01:42:11.737363 UTC
ATIVO,02/12/2025,BEATRIZ OLIVEIRA GOME~S,RTA-7423,STRALIS NR 570-S41T 3-Eixos 2p (diesel),"R$ 154.099,00",Pesados,Bocaiúva do Sul,PR,,,,,PENDENTE,NÃO,PENDENTE,Não Encontrado/Não Existe,--,,,,,2026-02-05 01:42:11.737363 UTC
ATIVO,02/12/2025,JULIA ROCHA OLIVEIRA+,XAJ-1263,STRALIS 600-S40T TA 6x2 2p (diesel)(E5),"R$ 186.818,00",Pesados,Bocaiúva do Sul,PR,50994501014,,,,PENDENTE,NÃO,PENDENTE,Não Encontrado/Não Existe,--,,,,,2026-02-05 01:42:11.737363 UTC
ATIVO,11/08/2025,!LUCAS CARVALHO ALMEIDA,XHQ-2796,Corolla XEi 1.8/1.8 Flex 16V Aut.,"R$ 52.822,00",Leves,Cascavel,PR,,27/08/25 - Primeiro contato realizado: SEM RESPOSTA,,,PENDENTE,NÃO,PENDENTE,OFICINA CENTRAL,"R$ 150,00",,,,,2026-02-05 01:42:11.737363 UTC
ATIVO,08/10/2025,ANA FERREIRA GOMES,SQR-0749,ARGO DRIVE 1.3 8V Flex,"R$ 50.749,00",Leves,Cascavel,PR,,,09/10/2025,18/10/2025,ENTREGUE,NÃO,PENDENTE,OFICINA CENTRAL,"R$ 150,00",,,,,2026-02-05 01:42:11.737363 UTC
INADIMPLENTE,11/09/2025,LARISSA SANTOS COSTA,NYW-1583,Creta Attitude 1.6 16V Flex Aut.,"R$ 82.169,00",Leves,Rolândia,PR,,Instalar dia 08/10,,,N/A,NÃO,PENDENTE,ELETRO RÁPIDO,"R$ 80,00",,,,,2026-02-05 01:42:11.737363 UTC
ATIVO,22/08/2025,LUCAS RODRIGUES RIBEIRO,MPP-0129,Gol 1.0 Flex 12V 5p,"R$ 52.638,00",Leves,Céu Azul,PR,(42) 97142-4420,,,,PENDENTE,NÃO,PENDENTE,Não Encontrado/Não Existe,--,,,,,2026-02-05 01:42:11.737363 UTC
ATIVO,24/11/2025,TIAGO CARDOSO RODRIGUES,VJT-5625,R-440 A 4x2 2p (diesel) (E5),"R$ 294.119,00",Pesados,Tomazina,PR,(60) 90236-6849,,,,PENDENTE,NÃO,PENDENTE,Não Encontrado/Não Existe,--,,,,,2026-02-05 01:42:11.737363 UTC
ATIVO,07/07/2025,RICARDO GOMES RODRIGUES,CTV-3908,R-440 A 6x4 2p (diesel) (E5),"R$ 312.519,00",Pesados,Capão do Leão,RS,(47) 95918-6188,,,,PENDENTE,NÃO,PENDENTE,Não Encontrado/Não Existe,--,,,,,2026-02-05 01:42:11.737363 UTC
SUSPENSO TEMPORARIAMENTE,20/09/2025,Não Encontrado,BAX-6792,TECTOR 240E25 6x2 2p (diesel),"R$ 153.189,00",Pesados,Frederico Westphalen,RS,(84) 93959-4,,,,PENDENTE,NÃO,PENDENTE,Não Encontrado/Não Existe,--,,,,,2026-02-05 01:42:11.737363 UTC
ATIVO,23/07/2025,PEDRO CARVALHO ARAÚJO,ZFA-1604,HOWO 420 A7 6x2 2p (diesel)(E5),"R$ 89.217,00",CAMINHãO,Canoinhas,SC,(12) 99706-2612,,,,PENDENTE,NÃO,PENDENTE,Não Encontrado/Não Existe,--,,,,,2026-02-05 01:42:11.737363 UTC
ATIVO,23/07/2025,FERNANDA GOMES MARTINS,FAF-0831,HOWO 420 A7 6x2 2p (diesel)(E5),"R$ 89.217,00",CAMINHãO,Canoinhas,SC,(35) 98397-5461,,,,PENDENTE,NÃO,PENDENTE,Não Encontrado/Não Existe,--,,,,,2026-02-05 01:42:11.737363 UTC
ATIVO,25/11/2025,GUSTAVO   BARBOSA   GOMES,IOJ-8493,L-1618 3-Eixos 2p (diesel),"R$ 95.988,00",Pesados,Curitibanos,SC,57996252022,,,,PENDENTE,NÃO,PENDENTE,Não Encontrado/Não Existe,--,,,,,2026-02-05 01:42:11.737363 UTC
ATIVO IRREGULAR,05/11/2025,LUCAS ALVES SANTOS,PAJ-1234,Corolla GLi 1.8 Flex 16V Mec.,"R$ 54.272,00",Leves,Cascavel,PR,(99) 98267-1627,,,,PENDENTE,NÃO,PENDENTE,OFICINA CENTRAL,"R$ 150,00",,,,,2026-02-05 01:42:11.737363 UTC
INATIVO,16/05/2025,PEDRO   PEREIRA   ALMEIDA,VJA-7585,ONIX HATCH LTZ 1.0 12V TB Flex 5p Aut.,"R$ 72.137,00",Leves,Sarandi,PR,(39) 99501-6,"APARELHO REMOVIDO
O TÉCNICO QUE INSTALOU DEVOLVERÁ O APARELHO",,,DEVOLVIDO,N/A,REMOVIDO,AUTO ELÉTRICA RÁPIDO,"R$ 140,00",286033910811833,Azimute,fernanda.silva.santos@outlook.com,61233586,2026-02-05 01:42:11.737363 UTC
ATIVO,20/02/2025,BEATRIZ ALMEIDA GOMES,SCG-7767,TIGUAN 2.0 TSI 16V 200cv Tiptronic 5p,"R$ 60.227,00",Leves,Cascavel,PR,(32) 95515-2,,,,DEVOLVIDO,SIM,REMOVIDO,OFICINA CENTRAL,"R$ 150,00",93602038558900,Azimute,tiago.ribeiro.arajo27@ficticio.com.br,46102312,2026-02-05 01:42:11.737363 UTC
SUSPENSO TEMPORARIAMENTE,15/08/2025,julia   pereira   ferreira,KVO-8274,Ranger XLT 3.2 20V 4x4 CD Diesel Aut.,"R$ 156.644,00","Vans, Pick-ups, Furgões, SUV's, Utilitários Caminhonetes e Caminhões até 4T",Cascavel,PR,TEL: (93) 92918-5292,"26/08/25 - Primeiro contato realizado, associado aderiu a instalação",,,DEVOLVIDO,SIM,REMOVIDO,OFICINA CENTRAL,"R$ 150,00",398021481567308,Azimute,amanda.souza.almeida83@gmail.com,79724688,2026-02-05 01:42:11.737363 UTC
INATIVO,13/08/2025,JULIA  ROCHA  ARAÚJO,DJK-8726,CRUZE LT 1.8 16V FlexPower 4p Aut.,"R$ 57.854,00",Leves,Cascavel,PR,(60) 90247-4,APARELHO REMOVIDO,,,DEVOLVIDO,SIM,REMOVIDO,OFICINA CENTRAL,"R$ 150,00",885526799823282,Azimute,rafael.rocha.barbosa@hotmail.com,69130827,2026-02-05 01:42:11.737363 UTC
INATIVO,25/04/2025,bruna martins silva,MFC-8325,Hilux CD SR 4x2 2.7 16V/2.7 Flex Mec.,"R$ 154.152,00","Vans, Pick-ups, Furgões, SUV's, Utilitários Caminhonetes e Caminhões até 4T",Três Barras,PR,,APARELHO REMOVIDO,,,DEVOLVIDO,SIM,REMOVIDO,Não Encontrado/Não Existe,--,72108056235979,Azimute,rodrigo.melo.almeida36@ficticio.com.br,93594610,2026-02-05 01:42:11.737363 UTC